id,audio_arousal_wav2vec,audio_dominance_wav2vec,audio_valence_wav2vec
1_10004,0.6852249503135681,0.7182071208953857,0.6109321713447571
1_10009,0.7980786561965942,0.7619010210037231,0.6469391584396362
1_1001,0.6958044171333313,0.7169269323348999,0.5740237236022949
1_1003,0.6365009546279907,0.6851696968078613,0.8314887881278992
1_10190,0.7046446800231934,0.7144573330879211,0.5443997383117676
1_10462,0.6560344099998474,0.6915920972824097,0.8606440424919128
1_10495,0.649692952632904,0.675607442855835,0.6242121458053589
1_10496,0.8664182424545288,0.8351384401321411,0.7444269061088562
1_105,0.8667229413986206,0.8471720814704895,0.6212023496627808
1_10748,0.7815707921981812,0.7673560976982117,0.5989673733711243
1_10797,0.737421989440918,0.7434625625610352,0.758730947971344
1_10810,0.6960219144821167,0.7168673872947693,0.7694672346115112
1_10829,0.7228249311447144,0.7438846230506897,0.805004894733429
1_10849,0.4165531098842621,0.4893813133239746,0.6083385944366455
1_10853,0.6251850128173828,0.6287057399749756,0.5326807498931885
1_10857,0.7851824164390564,0.7904438376426697,0.9051445126533508
1_10859,0.6523711681365967,0.659548819065094,0.674724280834198
1_10890,0.7715330123901367,0.7615295648574829,0.7090106010437012
1_10977,0.6751462817192078,0.7361931204795837,0.5553950071334839
1_11006,0.4101808965206146,0.503593921661377,0.6242387294769287
1_11021,0.7563561201095581,0.7691840529441833,0.6143748164176941
1_11042,0.8296753168106079,0.7619187235832214,0.4502190053462982
1_11046,0.5070094466209412,0.5191985368728638,0.501432478427887
1_11051,0.8042230606079102,0.7937948703765869,0.8348508477210999
1_11055,0.7341253757476807,0.7344752550125122,0.7712281942367554
1_11098,0.8062692284584045,0.7752312421798706,0.6358354091644287
1_11120,0.7231646776199341,0.7212667465209961,0.7086764574050903
1_11177,0.676457941532135,0.679600715637207,0.7394912242889404
1_11201,0.7435250878334045,0.7532208561897278,0.6764117479324341
1_11224,0.7223567366600037,0.7357677221298218,0.7664397954940796
1_11232,0.8331639766693115,0.7968364953994751,0.988446831703186
1_11236,0.8229058980941772,0.8069193363189697,0.491309255361557
1_11242,0.8451310396194458,0.8226848244667053,0.674609899520874
1_11243,0.8525675535202026,0.8232504725456238,0.8619391322135925
1_11253,0.7880500555038452,0.7885993719100952,0.7070262432098389
1_11257,0.5099822282791138,0.5288934111595154,0.5492886304855347
1_11306,0.2368468940258026,0.35771435499191284,0.410597562789917
1_11322,0.816405177116394,0.7933324575424194,0.8076286315917969
1_11378,0.6016498804092407,0.6217957735061646,0.5769749879837036
1_11439,0.7521587610244751,0.7581084966659546,0.69296795129776
1_1144,0.7763225436210632,0.7859419584274292,0.7596591114997864
1_11485,0.7052944898605347,0.6690401434898376,0.6188143491744995
1_11526,0.7726008892059326,0.7857611179351807,0.6519879102706909
1_11529,0.6716579794883728,0.6886019706726074,0.35344481468200684
1_11609,0.5860929489135742,0.6198679208755493,0.6883554458618164
1_11697,0.803505003452301,0.7862754464149475,0.6386972665786743
1_11699,0.7266491651535034,0.7332590818405151,0.5532273054122925
1_11723,0.6384474039077759,0.6439279913902283,0.48492544889450073
1_11736,0.6192794442176819,0.6384993195533752,0.2442328929901123
1_11773,0.8159825801849365,0.7882634997367859,0.7328534126281738
1_1180,0.7739878296852112,0.7634842395782471,0.5943171381950378
1_1185,0.718670129776001,0.7160886526107788,0.9061166048049927
1_11885,0.6690375804901123,0.6688678860664368,0.54409259557724
1_11889,0.6908763647079468,0.7047843337059021,0.8437972068786621
1_1189,0.5826886892318726,0.6434595584869385,0.2812064290046692
1_11901,0.8576529026031494,0.8330536484718323,0.8508435487747192
1_11913,0.5953911542892456,0.6257473230361938,0.4623781740665436
1_11924,0.7077982425689697,0.7125412821769714,0.8374744057655334
1_11928,0.6683567762374878,0.7012225389480591,0.6535782814025879
1_12002,0.7377005219459534,0.7322355508804321,0.7007282376289368
1_12083,0.6955493092536926,0.6719543933868408,0.8116926550865173
1_12202,0.7337939739227295,0.7314743995666504,0.6084756851196289
1_12275,0.7701035737991333,0.7585728168487549,0.6201727390289307
1_12320,0.7030647397041321,0.7077880501747131,0.7346988320350647
1_12331,0.7077159881591797,0.7244632244110107,0.5302475690841675
1_1262,0.5569984316825867,0.6233319044113159,0.6261597275733948
1_1296,0.7119899988174438,0.7267967462539673,0.7200512886047363
1_1466,0.550707221031189,0.5865581035614014,0.6726173162460327
1_1470,0.5604413747787476,0.5984356999397278,0.2189805656671524
1_1478,0.7135497331619263,0.7483841180801392,0.7580475807189941
1_1484,0.7479267716407776,0.7526609897613525,0.2708473801612854
1_1549,0.7522199153900146,0.7569884061813354,0.5777924060821533
1_1560,0.6925296187400818,0.7352762222290039,0.6496298313140869
1_162,0.5485761761665344,0.6002148389816284,0.7010432481765747
1_1627,0.8216665387153625,0.7966179847717285,0.7329168915748596
1_1638,0.6552802324295044,0.6751633882522583,0.49526891112327576
1_1666,0.7175688743591309,0.7185518145561218,0.5036154389381409
1_1678,0.7082959413528442,0.7295269966125488,0.7230323553085327
1_1722,0.4955577552318573,0.5607618093490601,0.6151227355003357
1_1732,0.8606875538825989,0.853341817855835,0.6232501268386841
1_175,0.7298668622970581,0.7458441853523254,0.6671870946884155
1_1772,0.8507211208343506,0.8266838192939758,0.8479682207107544
1_1798,0.7977640628814697,0.7924779653549194,0.5072141885757446
1_1803,0.6480065584182739,0.6430939435958862,0.6040325164794922
1_182,0.7592766284942627,0.7482109665870667,0.6693253517150879
1_1931,0.7475625872612,0.7706437706947327,0.7623743414878845
1_1973,0.8002653121948242,0.8153433799743652,0.9565149545669556
1_1987,0.5957209467887878,0.637732744216919,0.5851055979728699
1_2075,0.7992716431617737,0.7858102321624756,0.5476013422012329
1_2119,0.8422454595565796,0.8055394291877747,0.7946605086326599
1_213,0.8501734733581543,0.836788535118103,0.5482965111732483
1_2198,0.7746648788452148,0.774438738822937,0.6772269606590271
1_2216,0.9036644101142883,0.8486263751983643,0.24884657561779022
1_2354,0.7076495289802551,0.7102895379066467,0.749756932258606
1_2361,0.9253482818603516,0.8829901814460754,0.9158356785774231
1_2420,0.7921702861785889,0.788673996925354,0.6535086631774902
1_2423,0.6769828796386719,0.7209501266479492,0.7310388684272766
1_2464,0.5738946199417114,0.6361439824104309,0.7299627065658569
1_2575,0.6431800127029419,0.6686764359474182,0.2545127272605896
1_2580,0.6357008814811707,0.6505687236785889,0.5939714908599854
1_2614,0.6651750802993774,0.7016545534133911,0.6140648126602173
1_2616,0.7982689142227173,0.7979932427406311,0.5705152750015259
1_2664,0.6362471580505371,0.6563088893890381,0.5179756283760071
1_2669,0.5203464031219482,0.5857977867126465,0.2934339642524719
1_276,0.6116417646408081,0.6377958059310913,0.5938851237297058
1_2778,0.774850606918335,0.7909055948257446,0.7923324108123779
1_2792,0.674177885055542,0.7072393894195557,0.6252631545066833
1_2797,0.7580775022506714,0.7661821842193604,0.6416336894035339
1_2819,0.8047029972076416,0.7835036516189575,0.6786478757858276
1_2830,0.8308638334274292,0.797835648059845,0.8326005935668945
1_2837,0.8966419696807861,0.8536152839660645,0.865290641784668
1_2842,0.8878331184387207,0.8190099000930786,0.41934213042259216
1_2853,0.5791560411453247,0.6357645988464355,0.7682778239250183
1_3064,0.6903087496757507,0.726203441619873,0.7297638654708862
1_3069,0.597959041595459,0.6561745405197144,0.5370499491691589
1_3125,0.8523850440979004,0.84699547290802,0.5676920413970947
1_3177,0.7502084970474243,0.7618908286094666,0.7908961772918701
1_3204,0.8859239816665649,0.8787664771080017,0.8420136570930481
1_3256,0.6398700475692749,0.6806711554527283,0.6325909495353699
1_3259,0.6964414715766907,0.7287850379943848,0.8601720333099365
1_3287,0.7669416069984436,0.7824238538742065,0.6932708024978638
1_3293,0.7195305824279785,0.7657734751701355,0.8371243476867676
1_3333,0.6583212614059448,0.6484523415565491,0.5897027254104614
1_3348,0.6783336997032166,0.6726986169815063,0.7427431344985962
1_3371,0.4866689443588257,0.5346958041191101,0.4750167429447174
1_340,0.877835750579834,0.8694777488708496,0.7449748516082764
1_3419,0.6144566535949707,0.6215394735336304,0.5137134790420532
1_3476,0.7085942625999451,0.7243026494979858,0.6459483504295349
1_3545,0.6921451687812805,0.7447181940078735,0.7903406620025635
1_3573,0.6503576636314392,0.6914583444595337,0.5769367218017578
1_3599,0.6192997694015503,0.6311212778091431,0.42807435989379883
1_3649,0.7764096260070801,0.7736549973487854,0.829824686050415
1_3660,0.74924635887146,0.7388856410980225,0.7280155420303345
1_3707,0.8178119659423828,0.8292655944824219,0.8101657032966614
1_3766,0.6565628051757812,0.6599018573760986,0.6089050769805908
1_3837,0.772645890712738,0.7977989912033081,0.7457835674285889
1_3840,0.7844622135162354,0.7911835312843323,0.8390394449234009
1_3842,0.7784855961799622,0.7667838335037231,0.5239880084991455
1_3911,0.6760777831077576,0.7035236358642578,0.8274555802345276
1_4031,0.7387164831161499,0.7631425857543945,0.6800485253334045
1_410,0.8752031922340393,0.868876039981842,0.8656346797943115
1_4145,0.773905873298645,0.7807907462120056,0.8375318050384521
1_427,0.6517565846443176,0.6801514625549316,0.6076354384422302
1_4281,0.4401380717754364,0.4794728457927704,0.4353274405002594
1_4286,0.8733166456222534,0.8652729988098145,0.1993708610534668
1_4290,0.6464784145355225,0.6173989772796631,0.47741255164146423
1_430,0.787584662437439,0.7844545245170593,0.865038275718689
1_4352,0.7158342599868774,0.7406983375549316,0.7002281546592712
1_4477,0.7050447463989258,0.7363080978393555,0.7173636555671692
1_4544,0.8705631494522095,0.8622370958328247,0.8017200231552124
1_4552,0.7737756967544556,0.798812747001648,0.6871280670166016
1_4576,0.8185406923294067,0.8426785469055176,0.5585957765579224
1_4603,0.7862774133682251,0.7922390699386597,0.7616868019104004
1_4639,0.7391942739486694,0.7645012140274048,0.7225507497787476
1_467,0.6058344841003418,0.6519396305084229,0.6351044774055481
1_4743,0.7979317903518677,0.7932438254356384,0.9033610820770264
1_4760,0.8095033168792725,0.8311170935630798,0.7595205307006836
1_4789,0.6989926695823669,0.696190357208252,0.6346316337585449
1_4792,0.7184255123138428,0.7611859440803528,0.6207357048988342
1_4850,0.7439430952072144,0.780412495136261,0.6054229736328125
1_4949,0.871508002281189,0.85698401927948,0.8077582120895386
1_4967,0.6592004299163818,0.6590713262557983,0.6886423826217651
1_4995,0.8407871723175049,0.8397948741912842,0.8155771493911743
1_5058,0.8169032335281372,0.816853404045105,0.7743949890136719
1_506,0.7140704393386841,0.7380423545837402,0.7724639177322388
1_507,0.6947786808013916,0.7106050848960876,0.6138293743133545
1_5109,0.7341362237930298,0.7526568174362183,0.6544129848480225
1_5134,0.7373387217521667,0.7585278153419495,0.9591302871704102
1_5156,0.6923425197601318,0.7239058017730713,0.7256150245666504
1_5166,0.7942752242088318,0.7878194451332092,0.7333240509033203
1_5169,0.7948310971260071,0.8009673357009888,0.5031669735908508
1_5211,0.728295624256134,0.742154598236084,0.6108954548835754
1_5212,0.6112539768218994,0.6319084763526917,0.5394459962844849
1_533,0.5955535173416138,0.6195040345191956,0.7119583487510681
1_536,0.5830808281898499,0.5800796151161194,0.5958672761917114
1_537,0.6948862075805664,0.65493243932724,0.5381394028663635
1_5496,0.7613511681556702,0.7583763003349304,0.6614097952842712
1_5571,0.8162250518798828,0.8113101720809937,0.7296931147575378
1_5572,0.773613452911377,0.7816545963287354,0.8154493570327759
1_5580,0.705754280090332,0.7200561761856079,0.7307288646697998
1_5581,0.6383026838302612,0.6642696261405945,0.7987908124923706
1_5617,0.7466784715652466,0.7545835971832275,0.7645156383514404
1_5627,0.6965655088424683,0.7224831581115723,0.7725356817245483
1_5679,0.7480149269104004,0.7817676067352295,0.717047393321991
1_5699,0.8479096293449402,0.8671709299087524,0.9177014827728271
1_5751,0.9817931652069092,0.9083235263824463,0.3947111666202545
1_5758,0.7687762975692749,0.7777578234672546,0.7568419575691223
1_5786,0.7617523670196533,0.7773451209068298,0.5710134506225586
1_5880,0.7865963578224182,0.7960724830627441,0.7450575232505798
1_5919,0.7465835809707642,0.7619988918304443,0.5840808153152466
1_5953,0.623618483543396,0.6744251251220703,0.7663054466247559
1_5964,0.748740017414093,0.7030643820762634,0.45918112993240356
1_60,0.7784090042114258,0.7631753087043762,0.7222695350646973
1_6020,0.8481813669204712,0.8367806077003479,0.8050302863121033
1_6032,0.5542657375335693,0.6306248307228088,0.5728673934936523
1_6039,0.8120104074478149,0.7667413353919983,0.7289644479751587
1_6065,0.7840603590011597,0.806289553642273,0.772260308265686
1_6092,0.8010976314544678,0.7895859479904175,0.686608076095581
1_6113,0.7071248888969421,0.7307156324386597,0.7535718679428101
1_6134,0.704931378364563,0.7393062114715576,0.5651856660842896
1_6165,0.7807469964027405,0.756049633026123,0.6925943493843079
1_6183,0.7749178409576416,0.7649509906768799,0.783423125743866
1_6188,0.764018714427948,0.7656477093696594,0.7632980942726135
1_6211,0.9644306898117065,0.8954195976257324,0.546139121055603
1_6221,0.699541449546814,0.6985628604888916,0.7068507671356201
1_6355,0.7206586599349976,0.6885057687759399,0.4821336567401886
1_6370,0.7779439687728882,0.7711968421936035,0.770601749420166
1_6426,0.7181861400604248,0.7198212146759033,0.7362551689147949
1_6427,0.683462381362915,0.7175869345664978,0.572378396987915
1_6428,0.7239869832992554,0.7387784719467163,0.8171263337135315
1_6472,0.7616012096405029,0.7553379535675049,0.8654744625091553
1_6504,0.7207834720611572,0.7388359904289246,0.5139944553375244
1_6534,0.7043313980102539,0.6960211396217346,0.7298616170883179
1_6627,0.755517303943634,0.739859938621521,0.7843210697174072
1_6645,0.7383332252502441,0.7667341232299805,0.7569945454597473
1_6648,0.6783837080001831,0.6859042048454285,0.5764272212982178
1_6683,0.7364801168441772,0.7542527914047241,0.7112505435943604
1_672,0.6467294692993164,0.6677936315536499,0.5290093421936035
1_6766,0.8212491869926453,0.8010421991348267,0.2544995844364166
1_6769,0.6512056589126587,0.6910207271575928,0.4010657072067261
1_6835,0.8848080635070801,0.8579977750778198,0.6600973606109619
1_6860,0.5997030735015869,0.6426867246627808,0.3564486801624298
1_70,0.6235824227333069,0.6290082335472107,0.4603389799594879
1_7047,0.7378365993499756,0.7490211129188538,0.6529721021652222
1_7082,0.8692457675933838,0.8376734256744385,0.646649956703186
1_7089,0.6739339828491211,0.6864585876464844,0.5866477489471436
1_7186,0.4721687436103821,0.5065099596977234,0.4843878448009491
1_7281,0.733626127243042,0.7401689887046814,0.7254226207733154
1_7341,0.7543672919273376,0.764594316482544,0.769993007183075
1_7357,0.8223417401313782,0.8008033037185669,0.8592274785041809
1_7395,0.738213837146759,0.7474642992019653,0.7406346797943115
1_7400,0.7792981863021851,0.7662402391433716,0.8874249458312988
1_7402,0.7566304802894592,0.7597079277038574,0.7508941292762756
1_7442,0.696959376335144,0.7185614109039307,0.45269134640693665
1_7443,0.7024972438812256,0.7057287096977234,0.7111002206802368
1_7445,0.7936798334121704,0.7424576282501221,0.8549046516418457
1_7449,0.7434936165809631,0.7441614866256714,0.7642278671264648
1_7487,0.6982312202453613,0.677741527557373,0.7787458300590515
1_7490,0.6476483345031738,0.6842429041862488,0.676030158996582
1_7494,0.6724488735198975,0.6649798154830933,0.7473844885826111
1_7504,0.7559309005737305,0.7551183700561523,0.8148497939109802
1_7575,0.8610297441482544,0.7828876972198486,0.5105066895484924
1_7593,0.7638710737228394,0.7557603716850281,0.6566295027732849
1_7641,0.6299756765365601,0.647416353225708,0.48746195435523987
1_7661,0.871080219745636,0.8497287034988403,0.6514909267425537
1_7675,0.8971631526947021,0.8388127684593201,0.8256414532661438
1_7722,0.6399184465408325,0.6523289084434509,0.7376362681388855
1_7894,0.8339306712150574,0.825194776058197,0.7146556973457336
1_7938,0.5605856776237488,0.5810396671295166,0.3684695065021515
1_7953,0.7001004219055176,0.712229311466217,0.6166414022445679
1_80,0.7516025304794312,0.7671388387680054,0.7042381763458252
1_8042,0.5985462665557861,0.6073840260505676,0.47811979055404663
1_8045,0.6988369822502136,0.7065318822860718,0.5662305355072021
1_8052,0.8169891834259033,0.8043209314346313,0.8352774977684021
1_8078,0.8145172595977783,0.7930293679237366,0.5050016641616821
1_8136,0.643927812576294,0.6649782061576843,0.4363153278827667
1_8159,0.7585221529006958,0.7458701133728027,0.764718234539032
1_8185,0.7989215850830078,0.7814781665802002,0.7013028860092163
1_8217,0.6515088081359863,0.6699345111846924,0.7402255535125732
1_8407,0.9344050884246826,0.9015156626701355,0.6435112953186035
1_8417,0.7119055986404419,0.7009775042533875,0.7769786715507507
1_8452,0.7804079055786133,0.77503901720047,0.7355940341949463
1_8505,0.8363045454025269,0.8069159984588623,0.4932728707790375
1_8717,0.787203311920166,0.7392615079879761,0.6983218789100647
1_8746,0.7640423774719238,0.7759931087493896,0.7610955238342285
1_8749,0.6594221591949463,0.698555588722229,0.7326123714447021
1_8827,0.7133313417434692,0.7252310514450073,0.6303804516792297
1_8837,0.7770395278930664,0.7861751914024353,0.8582484722137451
1_90,0.9037525653839111,0.8725379109382629,0.6397064924240112
1_9003,0.7364687919616699,0.7382767200469971,0.10490722954273224
1_9009,0.8168820142745972,0.7877834439277649,0.5733911991119385
1_9087,0.8027724623680115,0.78997802734375,0.6241644620895386
1_9245,0.7394828796386719,0.7266876101493835,0.6358193755149841
1_9594,0.7703197002410889,0.7687727212905884,0.5900443196296692
1_9668,0.663738489151001,0.6908892393112183,0.635761559009552
1_971,0.9811617136001587,0.910534143447876,0.5098732113838196
1_9963,0.7099661231040955,0.7011523842811584,0.6748425364494324
1_9971,0.5719261169433594,0.620211124420166,0.49633416533470154
1_9972,0.7603508234024048,0.7505881786346436,0.5408188700675964
1_9993,0.8129391670227051,0.7733622789382935,0.7255195379257202
2_1,0.7031780481338501,0.7319012880325317,0.6605781316757202
2_102,0.8379330635070801,0.8430992364883423,0.7302576303482056
2_103,0.7176079750061035,0.7404048442840576,0.6466979384422302
2_104,0.7920965552330017,0.7894920110702515,0.7676681280136108
2_105,0.7476270198822021,0.7402942180633545,0.7465515732765198
2_107,0.5735617876052856,0.6374526023864746,0.7111124396324158
2_109,0.6311275959014893,0.6580579876899719,0.6449835300445557
2_11,0.8396352529525757,0.823014497756958,0.8726298809051514
2_111,0.9095454216003418,0.8493943810462952,0.4514303505420685
2_112,0.7853448390960693,0.755403995513916,0.7467630505561829
2_113,0.8088650703430176,0.7913796901702881,0.7936346530914307
2_114,0.7664312124252319,0.7569995522499084,0.6904667615890503
2_115,0.6654733419418335,0.6853424906730652,0.5856977701187134
2_118,0.7218641042709351,0.6708897352218628,0.7649367451667786
2_119,0.5357360243797302,0.5199347138404846,0.39245790243148804
2_12,0.5902015566825867,0.6423263549804688,0.628737211227417
2_120,0.764834463596344,0.7710610032081604,0.7881069183349609
2_121,0.6674564480781555,0.6507258415222168,0.537757158279419
2_123,0.7594035267829895,0.6961842775344849,0.5638903379440308
2_124,0.6710848808288574,0.6975425481796265,0.6711165904998779
2_125,0.29030826687812805,0.358395516872406,0.343154639005661
2_126,0.7714613676071167,0.7615727186203003,0.2861994206905365
2_127,0.6975295543670654,0.7048639059066772,0.7706688642501831
2_128,0.7108401656150818,0.7227636575698853,0.7289833426475525
2_129,0.7391222715377808,0.7180502414703369,0.7894268035888672
2_13,0.8701821565628052,0.765078067779541,0.5503699779510498
2_131,0.7823213338851929,0.7802078127861023,0.6970047950744629
2_134,0.8734217882156372,0.8174685835838318,0.7069350481033325
2_135,0.7400014400482178,0.7515710592269897,0.6088937520980835
2_137,0.695745050907135,0.6818383932113647,0.6175129413604736
2_140,0.830817461013794,0.8385746479034424,0.5659310817718506
2_141,0.749945342540741,0.7451659440994263,0.6805769205093384
2_144,0.6697491407394409,0.7090468406677246,0.7772579789161682
2_146,0.7222605347633362,0.6880728006362915,0.7573645114898682
2_147,0.7115954160690308,0.7219667434692383,0.210995614528656
2_148,0.8739001750946045,0.8594353795051575,0.8452984094619751
2_149,0.6143735647201538,0.62391197681427,0.6577085256576538
2_15,0.7416964173316956,0.7490562796592712,0.7421841621398926
2_150,0.8421304225921631,0.848606288433075,0.7350950837135315
2_151,0.7627674341201782,0.7368651032447815,0.4429762065410614
2_152,0.7459460496902466,0.7509727478027344,0.8337809443473816
2_154,0.9305602312088013,0.864622950553894,0.14380870759487152
2_155,0.9186609983444214,0.8972996473312378,0.9597293734550476
2_158,0.8931218385696411,0.8778000473976135,0.8239246606826782
2_160,0.7286173105239868,0.6817446947097778,0.6248503923416138
2_161,0.8139693140983582,0.8271616101264954,0.6008366346359253
2_162,0.8662689924240112,0.7482125759124756,0.6401302814483643
2_163,0.6512697339057922,0.629659116268158,0.3756515085697174
2_166,0.6548506021499634,0.6801297068595886,0.711061954498291
2_167,0.8641979098320007,0.8336139917373657,0.6995195150375366
2_168,0.7296611070632935,0.6853259801864624,0.7088677287101746
2_169,0.7829710245132446,0.7664039731025696,0.25754061341285706
2_170,0.6058476567268372,0.628715991973877,0.579257607460022
2_171,0.865044891834259,0.814645528793335,0.324308842420578
2_172,0.8833171129226685,0.8098917007446289,0.5158776640892029
2_173,0.44464319944381714,0.5512042045593262,0.4378765821456909
2_174,0.6871330142021179,0.6903364062309265,0.7594578862190247
2_176,0.6816699504852295,0.7049200534820557,0.7328716516494751
2_177,0.7075181007385254,0.7111488580703735,0.9106035232543945
2_178,0.813088059425354,0.8118253946304321,0.9910781383514404
2_180,0.875602126121521,0.8135904669761658,0.7844094038009644
2_181,0.7368507385253906,0.7122215628623962,0.6416621804237366
2_182,0.8854880928993225,0.8702504634857178,0.8807474374771118
2_183,0.6398991346359253,0.6462798118591309,0.6733554601669312
2_186,0.680181622505188,0.695918083190918,1.0028047561645508
2_187,0.6963462829589844,0.7104893922805786,0.7057314515113831
2_188,0.9438964128494263,0.8756294846534729,0.4928393065929413
2_189,0.5666172504425049,0.5648893117904663,0.497682124376297
2_190,0.5885858535766602,0.6566572189331055,0.7340361475944519
2_191,0.6980571150779724,0.6826193332672119,0.7060878276824951
2_193,0.5964581966400146,0.6516227722167969,0.6960071921348572
2_194,0.6742746829986572,0.6665400266647339,0.7245205640792847
2_196,0.4751760959625244,0.42992115020751953,0.24213959276676178
2_197,0.5931118130683899,0.5965638756752014,0.5617992877960205
2_198,0.3496869206428528,0.4348044991493225,0.4609167277812958
2_2,0.794373631477356,0.8075973987579346,0.7727584838867188
2_20,0.8010054230690002,0.7834707498550415,0.8451510071754456
2_202,0.3546263575553894,0.37970930337905884,0.55074143409729
2_203,0.7855426073074341,0.770497739315033,0.8253951072692871
2_204,0.8715973496437073,0.8295152187347412,0.6565101146697998
2_205,0.9557217359542847,0.876410722732544,0.37823042273521423
2_206,0.6719407439231873,0.6809450387954712,0.6504701375961304
2_208,0.458625465631485,0.5491486191749573,0.5037670135498047
2_209,0.6943361759185791,0.6302905082702637,0.6023579239845276
2_210,0.5852848291397095,0.5611797571182251,0.39772143959999084
2_213,0.7272969484329224,0.7116855382919312,0.693230390548706
2_217,0.5039472579956055,0.5138934850692749,0.559338390827179
2_218,0.9132736325263977,0.7965641617774963,0.49786028265953064
2_221,0.8533806800842285,0.8408734202384949,0.7881932258605957
2_222,0.73894202709198,0.7489147186279297,0.541440486907959
2_223,0.7945799231529236,0.8000417947769165,0.8833649754524231
2_225,0.6581995487213135,0.6396393775939941,0.6012663841247559
2_226,0.9143915176391602,0.8573365807533264,0.7865005731582642
2_227,0.7518095374107361,0.7499967813491821,0.7136319875717163
2_228,0.47984886169433594,0.5508578419685364,0.4659125506877899
2_230,0.7919489741325378,0.7963390946388245,0.40528905391693115
2_231,0.7000277042388916,0.690229058265686,0.6464611291885376
2_232,0.6956323385238647,0.7108687162399292,0.7727799415588379
2_234,0.8922929763793945,0.8416681289672852,0.9221380949020386
2_235,0.7830427289009094,0.7879880666732788,0.7394406795501709
2_236,0.7803723216056824,0.7903378009796143,0.6231191158294678
2_24,0.6849137544631958,0.646702766418457,0.6966411471366882
2_240,0.7030683755874634,0.6711516976356506,0.2975843548774719
2_241,0.751849889755249,0.7408180236816406,0.6740047931671143
2_242,0.7905840277671814,0.7847117185592651,0.8623659610748291
2_243,0.7439655661582947,0.7257229089736938,0.6119475960731506
2_245,0.4200543761253357,0.4987315535545349,0.5996145009994507
2_246,0.708764910697937,0.7215162515640259,0.7879908084869385
2_247,0.7442965507507324,0.7168130874633789,0.855156660079956
2_248,0.6987009644508362,0.6921461820602417,0.7366513013839722
2_250,0.5689409971237183,0.5464426279067993,0.4224354326725006
2_251,0.9044868350028992,0.8598313927650452,0.510753870010376
2_253,0.8665235042572021,0.7923886775970459,0.6013787984848022
2_254,0.6247994303703308,0.6371347904205322,0.7569859623908997
2_255,0.892254650592804,0.8723748922348022,0.6425732374191284
2_257,0.9851585030555725,0.8704997301101685,0.7408539056777954
2_258,0.8021395206451416,0.8005295395851135,0.7127561569213867
2_259,0.534509539604187,0.5549042224884033,0.6271892786026001
2_260,0.6660138964653015,0.6552814245223999,0.40744176506996155
2_261,0.8497292399406433,0.8053189516067505,0.3661358058452606
2_263,0.7423248887062073,0.7182803750038147,0.5003475546836853
2_264,0.4539421498775482,0.39346763491630554,0.3490721881389618
2_267,0.8151242733001709,0.7341169118881226,0.6170186400413513
2_268,0.8951036930084229,0.867750883102417,0.8201430439949036
2_27,0.7727375626564026,0.7640064358711243,0.30591240525245667
2_270,0.5343645215034485,0.4721975028514862,0.49653860926628113
2_271,0.5833238363265991,0.6198500394821167,0.47677773237228394
2_272,0.7011253237724304,0.6581071615219116,0.6263242959976196
2_278,0.7866293787956238,0.7343592643737793,0.7083029747009277
2_279,0.7348663806915283,0.7290397882461548,0.7630223035812378
2_28,0.523018479347229,0.5704729557037354,0.6146188974380493
2_280,0.7482601404190063,0.7512838244438171,0.6661868691444397
2_281,0.6924583315849304,0.713066577911377,0.5898373126983643
2_282,0.7533604502677917,0.7162737846374512,0.268350750207901
2_283,0.6948376893997192,0.6807541847229004,0.6497806310653687
2_284,0.9246576428413391,0.883759617805481,0.5165611505508423
2_286,0.7294540405273438,0.7580744028091431,0.8348004817962646
2_287,0.7207911014556885,0.6811532974243164,0.4558843970298767
2_288,0.7680268883705139,0.7694692611694336,0.7285082340240479
2_289,0.7845022678375244,0.7497080564498901,0.5734290480613708
2_29,0.5447515249252319,0.5329468846321106,0.4022009074687958
2_291,0.508215606212616,0.5273176431655884,0.37902963161468506
2_292,0.7389554381370544,0.7533989548683167,0.702906608581543
2_293,0.902228832244873,0.8302067518234253,0.42679718136787415
2_294,0.6941736936569214,0.6416025161743164,0.6936702728271484
2_295,0.6657019257545471,0.6961374282836914,0.2728334367275238
2_297,0.6690502166748047,0.6913018226623535,0.6367244720458984
2_299,0.6681485176086426,0.6697242856025696,0.5334022045135498
2_3,0.8021397590637207,0.77878338098526,0.853547215461731
2_30,0.5653724670410156,0.5965893864631653,0.5975583791732788
2_300,0.788270115852356,0.7706820964813232,0.3721977770328522
2_301,0.656200647354126,0.6843152046203613,0.5759062767028809
2_302,0.8686351180076599,0.8318507075309753,0.30940183997154236
2_303,0.8622239232063293,0.8579660654067993,0.8767392635345459
2_305,0.5848801732063293,0.5886499881744385,0.513800859451294
2_306,0.6326976418495178,0.6733827590942383,0.6046687364578247
2_31,0.8402016758918762,0.7806484699249268,0.5126268267631531
2_310,0.6630798578262329,0.6929261684417725,0.7561213970184326
2_312,0.6990952491760254,0.6690062880516052,0.49354222416877747
2_313,0.5222536325454712,0.5755323767662048,0.6340824365615845
2_314,0.7003681063652039,0.6663118600845337,0.5149952173233032
2_315,0.60489422082901,0.6430593729019165,0.720763623714447
2_316,0.721052885055542,0.7129013538360596,0.880407452583313
2_317,0.7598558068275452,0.7053948640823364,0.7277557253837585
2_318,0.7415816783905029,0.7011626362800598,0.5301587581634521
2_319,0.18831709027290344,0.17136624455451965,0.1364118605852127
2_322,0.9056552648544312,0.8795648813247681,0.895897388458252
2_323,0.7875462770462036,0.8077991008758545,0.6751773357391357
2_326,0.4687178432941437,0.5422043204307556,0.5756308436393738
2_33,0.9222506284713745,0.8260992169380188,0.46232321858406067
2_334,0.37295082211494446,0.4855290353298187,0.3641781806945801
2_337,0.6986097097396851,0.7064056992530823,0.6420797109603882
2_338,0.5334255695343018,0.6143314838409424,0.7502005100250244
2_339,0.7283605337142944,0.724163293838501,0.8902254104614258
2_34,0.8241531848907471,0.793126106262207,0.7546626925468445
2_340,0.9046391248703003,0.818757176399231,0.631872832775116
2_341,0.6926685571670532,0.7320462465286255,0.688380777835846
2_342,0.8492603302001953,0.853546142578125,0.8635106682777405
2_343,0.7715694904327393,0.7859221696853638,0.8000123500823975
2_344,0.89765465259552,0.8636671304702759,0.8788566589355469
2_345,0.8125186562538147,0.804939866065979,0.6933256983757019
2_347,0.7667149305343628,0.7060946822166443,0.23548130691051483
2_35,0.9551199674606323,0.9000268578529358,0.44592857360839844
2_350,0.6818064451217651,0.7142173647880554,0.7005740404129028
2_351,0.6380160450935364,0.6604086756706238,0.5338020324707031
2_352,0.6236495971679688,0.6287188529968262,0.6126686334609985
2_353,0.5311633348464966,0.5864030122756958,0.38297364115715027
2_356,0.634265124797821,0.635577917098999,0.5727951526641846
2_357,0.6364023685455322,0.6407642364501953,0.6125388145446777
2_358,0.5892953276634216,0.5851967930793762,0.3999500870704651
2_359,0.7804567813873291,0.739465594291687,0.7633540034294128
2_36,0.8389427661895752,0.8316522836685181,0.33778172731399536
2_361,0.5517507791519165,0.540448784828186,0.3186461925506592
2_365,0.39757874608039856,0.45707786083221436,0.3667842149734497
2_367,0.4657991826534271,0.5030632615089417,0.4424873888492584
2_369,0.8092391490936279,0.7915337085723877,0.7801682949066162
2_370,0.7574799060821533,0.774566650390625,0.681422770023346
2_371,0.516525387763977,0.5467838644981384,0.20470763742923737
2_372,0.737395167350769,0.7370590567588806,0.6785280108451843
2_373,0.6451960206031799,0.6765276193618774,0.7136895656585693
2_374,0.7451931238174438,0.7252107858657837,0.8041088581085205
2_375,0.7576109170913696,0.7108750343322754,0.6542439460754395
2_376,0.885155439376831,0.8625258803367615,0.7983960509300232
2_377,0.669763445854187,0.6886395215988159,0.7652596235275269
2_378,0.8092191219329834,0.8105901479721069,0.705036997795105
2_38,0.8350567817687988,0.7681900858879089,0.4972976744174957
2_380,0.8560477495193481,0.8350576758384705,0.6581745147705078
2_381,0.7201051115989685,0.6833252906799316,0.556663990020752
2_385,0.8476439118385315,0.7635354995727539,0.545325517654419
2_387,0.6817526817321777,0.6908165216445923,0.7341032028198242
2_388,0.7851728200912476,0.767645001411438,0.8238343000411987
2_389,0.8621852993965149,0.8503291606903076,0.8646361231803894
2_39,0.8299129009246826,0.8152590990066528,0.7609371542930603
2_390,0.8207618594169617,0.8186560869216919,0.515852153301239
2_392,0.6221039295196533,0.6332588195800781,0.5880502462387085
2_393,0.6877874732017517,0.6877729892730713,0.4398553967475891
2_397,0.5335462093353271,0.5899802446365356,0.5744325518608093
2_398,0.7903013229370117,0.8136248588562012,0.8252127170562744
2_400,0.6004157662391663,0.6197447776794434,0.6035057306289673
2_405,0.7677161693572998,0.728905200958252,0.5167303681373596
2_406,0.5509765148162842,0.5930154919624329,0.3812819719314575
2_407,0.7894632816314697,0.7143777012825012,0.7287255525588989
2_408,0.8130506277084351,0.7967603206634521,0.5070521831512451
2_409,0.8319493532180786,0.8039476871490479,0.844047486782074
2_410,0.7225447297096252,0.7189774513244629,0.7576938271522522
2_413,0.8704894185066223,0.8213247656822205,0.05802096053957939
2_415,0.6665805578231812,0.6714075803756714,0.5512771010398865
2_416,0.6623989343643188,0.6829556226730347,0.5956999063491821
2_419,0.7331283688545227,0.6930676698684692,0.8550451993942261
2_42,0.5928633809089661,0.600612223148346,0.2995017170906067
2_420,0.862980842590332,0.8627539873123169,0.8607328534126282
2_421,0.7345267534255981,0.7314550876617432,0.6460041403770447
2_422,0.7170368432998657,0.6943009495735168,0.9329769015312195
2_423,0.8152354955673218,0.7949056625366211,0.5996978282928467
2_425,0.5987566709518433,0.6058471202850342,0.6860092878341675
2_426,0.911431074142456,0.8963007926940918,0.8659403324127197
2_427,0.8629721403121948,0.7446939945220947,0.5773283839225769
2_428,0.8764300346374512,0.8658900260925293,0.8597165942192078
2_429,0.853876531124115,0.7962934970855713,0.9143792390823364
2_43,0.7626199722290039,0.7454110383987427,0.5202603340148926
2_430,0.7213513851165771,0.689946174621582,0.6810758709907532
2_431,0.6754412651062012,0.6690030097961426,0.5156568288803101
2_433,0.709825336933136,0.7462406754493713,0.8592426776885986
2_434,0.6700760126113892,0.6548741459846497,0.6627647280693054
2_435,0.5036677718162537,0.531781792640686,0.6095611453056335
2_437,0.6683244109153748,0.6894512176513672,0.5253362655639648
2_438,0.842002809047699,0.8413599729537964,0.9153622388839722
2_439,0.6730875968933105,0.6888641119003296,0.7431555986404419
2_44,0.7487814426422119,0.731609046459198,0.7026714086532593
2_440,0.8411033153533936,0.7732980251312256,0.7396441698074341
2_441,0.528976559638977,0.5942662358283997,0.6806445121765137
2_442,0.7609222531318665,0.7595557570457458,0.7666287422180176
2_443,0.9248960614204407,0.903500497341156,0.6984872817993164
2_444,0.8089290857315063,0.7824637293815613,0.24221791326999664
2_445,0.7352750301361084,0.6841035485267639,0.5263341665267944
2_446,0.5461163520812988,0.6045424938201904,0.6180213689804077
2_447,0.6735385656356812,0.6764512062072754,0.7089040875434875
2_448,0.686113715171814,0.6263355016708374,0.6534088850021362
2_449,0.8153117895126343,0.8122224807739258,0.7440241575241089
2_45,0.7947527170181274,0.7931534051895142,0.7338367700576782
2_450,0.7575798630714417,0.7590732574462891,0.6228145360946655
2_454,0.2786563038825989,0.3424447178840637,0.37532874941825867
2_456,0.7609249353408813,0.7740691304206848,0.583776593208313
2_457,0.6587883234024048,0.6864234209060669,0.7132267355918884
2_458,0.7633109092712402,0.6964070200920105,0.7433962225914001
2_461,0.7846004962921143,0.7863036394119263,0.8423467874526978
2_462,0.8979216814041138,0.8932533264160156,0.855840802192688
2_463,0.6307703256607056,0.602574348449707,0.774171769618988
2_464,0.5464547872543335,0.5576821565628052,0.6763982176780701
2_465,0.726317286491394,0.7596893906593323,0.6584730744361877
2_467,0.4961516857147217,0.534489631652832,0.49805352091789246
2_471,0.553153932094574,0.6297082304954529,0.7153967022895813
2_472,0.8818449974060059,0.8776154518127441,0.7788262367248535
2_473,0.6155532598495483,0.6400750875473022,0.7041583061218262
2_474,0.5786736607551575,0.6471703052520752,0.9104492664337158
2_475,0.5934271216392517,0.6441007852554321,0.676357626914978
2_477,0.8757335543632507,0.8349286317825317,0.7942920923233032
2_478,0.7764695882797241,0.7739316821098328,0.7423254251480103
2_479,0.7246940732002258,0.7332624197006226,0.5832222700119019
2_48,0.8324724435806274,0.7960086464881897,0.36324256658554077
2_481,0.5448462963104248,0.47981321811676025,0.5808206796646118
2_482,1.0659708976745605,0.9811674356460571,0.4661715626716614
2_484,0.8706732392311096,0.8710780143737793,0.8229166865348816
2_485,0.7760177850723267,0.791335940361023,1.0187599658966064
2_486,0.7097668647766113,0.6881871223449707,0.652096688747406
2_487,0.8735147714614868,0.853742778301239,0.8678622245788574
2_488,0.7680713534355164,0.770276665687561,0.7469699382781982
2_489,0.7577166557312012,0.7684335708618164,0.71503084897995
2_49,0.824738621711731,0.8185164928436279,0.8286827802658081
2_490,0.7139787077903748,0.6875455975532532,0.7198113203048706
2_491,0.7349276542663574,0.7013307809829712,0.2708013951778412
2_492,0.7476477026939392,0.7670575380325317,0.4205603301525116
2_493,0.6543210744857788,0.6850885152816772,0.7762417793273926
2_494,0.8166836500167847,0.7926973104476929,0.849138081073761
2_495,0.7880063056945801,0.74200439453125,0.709410548210144
2_498,0.8941119909286499,0.8757075071334839,0.9636242389678955
2_499,0.7635865211486816,0.7443104982376099,0.8201413154602051
2_50,0.8485504388809204,0.8315484523773193,0.8715580701828003
2_500,0.8911401033401489,0.8322921991348267,0.767317533493042
2_502,0.7519540786743164,0.7757434844970703,0.6831318736076355
2_504,0.8297179937362671,0.774427056312561,0.765324592590332
2_505,0.9760836362838745,0.90754634141922,0.4831206798553467
2_506,0.9940412044525146,0.904330849647522,0.21597228944301605
2_507,0.7010847330093384,0.7162269353866577,0.6273003220558167
2_508,0.7619476914405823,0.7848920822143555,0.6688423156738281
2_509,0.8288282752037048,0.8247084617614746,0.7740705013275146
2_51,0.6327378749847412,0.67295241355896,0.7637418508529663
2_511,0.7633792757987976,0.7918269038200378,0.609255850315094
2_512,0.8858004212379456,0.8401790857315063,0.6028176546096802
2_514,0.9242690801620483,0.8596817255020142,0.5508769750595093
2_517,0.6122553944587708,0.6098746657371521,0.5452133417129517
2_518,0.8342136144638062,0.8319196701049805,0.8772661685943604
2_521,0.6140705943107605,0.48732826113700867,0.49439477920532227
2_522,0.5967975854873657,0.6269901394844055,0.31435802578926086
2_523,0.6886966228485107,0.7191859483718872,0.7467844486236572
2_524,0.8417232036590576,0.8516071438789368,1.0141464471817017
2_525,0.7111459970474243,0.6292831897735596,0.5821537375450134
2_526,0.6964354515075684,0.6151084899902344,0.6689944267272949
2_527,0.6874918937683105,0.6984183192253113,0.3875679671764374
2_53,0.6965038776397705,0.7106456756591797,0.7325708866119385
2_530,0.7286322116851807,0.7436310052871704,0.14613033831119537
2_531,0.5715476274490356,0.605323314666748,0.6683446168899536
2_532,0.884972333908081,0.8747023344039917,0.8894771933555603
2_534,0.9576034545898438,0.8482761383056641,0.5925869345664978
2_535,0.43657374382019043,0.4916244149208069,0.3388932943344116
2_536,0.48286622762680054,0.5315775275230408,0.5713654160499573
2_537,0.8017075061798096,0.7968028783798218,0.7696690559387207
2_54,0.8477867841720581,0.8304501175880432,0.4564010798931122
2_540,0.5948086977005005,0.6017954349517822,0.5632929801940918
2_541,0.7741430401802063,0.7436699867248535,0.5656164884567261
2_542,0.7637419104576111,0.7625977993011475,0.7618157863616943
2_546,0.7396495342254639,0.7672659754753113,0.8334840536117554
2_547,0.665181040763855,0.6945119500160217,0.6832210421562195
2_548,0.7044026255607605,0.6934192180633545,0.7568905353546143
2_549,0.7221534848213196,0.6517345905303955,0.4180763065814972
2_55,0.5033180117607117,0.5608177781105042,0.5972040891647339
2_550,0.6948211193084717,0.6745117902755737,0.8140792846679688
2_552,0.9377021789550781,0.8283330202102661,0.4704034626483917
2_553,0.516300618648529,0.555063009262085,0.3332671523094177
2_555,0.4383445382118225,0.4028356671333313,0.39040622115135193
2_556,0.7610721588134766,0.7704827785491943,0.797065019607544
2_557,0.4964173436164856,0.45772773027420044,0.32274454832077026
2_558,0.8066372871398926,0.8146935701370239,0.578209638595581
2_559,0.863342821598053,0.781635046005249,0.681354284286499
2_56,0.8284467458724976,0.7913941144943237,0.8367956876754761
2_560,0.9185298681259155,0.8430705070495605,0.2308884859085083
2_562,0.46775785088539124,0.5313162803649902,0.6407463550567627
2_564,0.6351611614227295,0.6626204252243042,0.6396487951278687
2_567,0.6526369452476501,0.6801965236663818,0.7811810970306396
2_569,0.6790053844451904,0.6631790399551392,0.7055927515029907
2_570,0.9619798064231873,0.9090108871459961,0.7934982776641846
2_572,0.6728230714797974,0.6759734153747559,0.6880460977554321
2_573,0.8396499752998352,0.8363295793533325,0.9557616710662842
2_574,0.8975776433944702,0.8725304007530212,0.7657331824302673
2_575,0.6715751886367798,0.6702607870101929,0.7060085535049438
2_576,0.5877940654754639,0.6485104560852051,0.6139957904815674
2_577,0.3192688524723053,0.42440247535705566,0.48826226592063904
2_579,0.862260103225708,0.7856636047363281,0.47015634179115295
2_58,0.5396568775177002,0.5300120115280151,0.4686049222946167
2_581,0.792357325553894,0.8007704019546509,0.8028115034103394
2_583,0.8242322206497192,0.8107231855392456,0.8496606349945068
2_585,0.5213226079940796,0.5826379656791687,0.6512458324432373
2_586,0.7578380107879639,0.7811374068260193,0.7619681358337402
2_587,0.6619581580162048,0.7190538644790649,0.7016780376434326
2_588,0.8565180897712708,0.8811662197113037,0.09433628618717194
2_589,0.8024647235870361,0.7964253425598145,0.5999457240104675
2_590,0.4097241163253784,0.43849241733551025,0.30066439509391785
2_591,0.7342146635055542,0.7626339197158813,0.5329585075378418
2_594,0.574499249458313,0.5798436403274536,0.3773019015789032
2_595,0.6205223202705383,0.6500009298324585,0.4228716194629669
2_596,0.7287525534629822,0.6564807891845703,0.5163973569869995
2_598,0.6966421008110046,0.7008463740348816,0.7060299515724182
2_599,0.6920411586761475,0.7166599631309509,0.42406144738197327
2_602,0.6137433052062988,0.5746430158615112,0.273258775472641
2_604,0.7634012699127197,0.768395721912384,0.8351612091064453
2_607,0.693419873714447,0.6673702597618103,0.554661750793457
2_608,0.65776526927948,0.6860248446464539,0.596399188041687
2_609,0.3833587169647217,0.48611918091773987,0.6121785044670105
2_611,0.7064142823219299,0.6473792791366577,0.3496308922767639
2_612,0.5536589622497559,0.5825405716896057,0.5689089894294739
2_615,0.6629375219345093,0.6376222372055054,0.7037632465362549
2_617,0.6744691133499146,0.6926923990249634,0.7035735249519348
2_622,0.7011439204216003,0.7022155523300171,0.7373786568641663
2_623,0.7660847902297974,0.7751312255859375,0.8583171367645264
2_626,0.6299886703491211,0.630178689956665,0.4539537727832794
2_627,0.7828059196472168,0.7488105297088623,0.22548015415668488
2_65,0.5126376748085022,0.4926619827747345,0.438791424036026
2_66,0.8747583031654358,0.8536274433135986,0.8732520937919617
2_69,0.9271389245986938,0.7821794152259827,0.28365224599838257
2_7,0.5055271983146667,0.5096030235290527,0.5832202434539795
2_71,0.7434495687484741,0.7485015988349915,0.8135732412338257
2_72,0.24745987355709076,0.3390570878982544,0.44766905903816223
2_73,0.8749011158943176,0.8510712385177612,0.7185900211334229
2_74,0.7316755652427673,0.7517673969268799,0.8001259565353394
2_77,0.7813836336135864,0.7537715435028076,0.3472250998020172
2_78,0.46686792373657227,0.5248234868049622,0.27430403232574463
2_79,0.6337517499923706,0.6671795845031738,0.33101537823677063
2_8,0.6546821594238281,0.6744833588600159,0.5290634632110596
2_84,0.7203285694122314,0.723407506942749,0.6594259738922119
2_86,0.5966516733169556,0.6403299570083618,0.9572662115097046
2_87,0.7149331569671631,0.7347304821014404,0.7491406202316284
2_88,0.6980170607566833,0.5978717803955078,0.7622450590133667
2_89,0.7496005296707153,0.7586103081703186,0.7401725053787231
2_9,0.7868204116821289,0.7771811485290527,0.5374660491943359
2_91,0.6664714813232422,0.6475844383239746,0.6901915073394775
2_92,0.7612832188606262,0.7633813619613647,0.6679478287696838
2_94,0.6332356333732605,0.6492742300033569,0.7607775926589966
2_96,0.735970675945282,0.6946437954902649,0.7010133266448975
2_97,0.5076938271522522,0.5336898565292358,0.6461483836174011
2_99,0.937390923500061,0.8411315679550171,0.7210677862167358
