nid,valence,arousal,dominance
51_1,0.5869130434782609,0.39443478260869563,0.511695652173913
51_2,0.7185714285714286,0.34614285714285714,0.5152857142857142
51_5,0.798,0.41900000000000004,0.5285
51_6,0.7041999999999999,0.5077999999999999,0.495
51_15,0.5245,0.46599999999999997,0.46449999999999997
51_19,0.6551,0.418,0.497
51_24,0.5831000000000001,0.4856,0.5256000000000001
51_25,0.724,0.27,0.793
51_28,0.5981666666666666,0.43533333333333335,0.5275
51_29,0.7029333333333334,0.46986666666666665,0.5364666666666668
51_30,0.60375,0.40725,0.525375
51_31,0.8326666666666666,0.36766666666666664,0.44366666666666665
51_33,0.8535,0.5505,0.7655000000000001
51_35,0.6723333333333333,0.433,0.5542380952380952
51_36,0.7136666666666667,0.40199999999999997,0.758
51_45,0.6519333333333334,0.4446,0.5401333333333334
51_48,0.7142000000000001,0.5636,0.5646
51_51,,,
51_52,0.6750666666666666,0.3469333333333333,0.5225333333333333
51_56,0.6755555555555556,0.4664444444444445,0.5694444444444444
51_58,0.6806666666666666,0.37966666666666665,0.5299999999999999
51_59,0.7405714285714285,0.411,0.5729285714285715
51_61,0.5965,0.434,0.45683333333333337
51_66,0.7107083333333333,0.4831666666666667,0.5634583333333333
51_68,0.6191599999999999,0.38520000000000004,0.5473600000000001
51_69,0.823,0.5395,0.5885
51_74,0.6010909090909091,0.5467272727272727,0.587
51_75,,,
51_77,0.6681428571428573,0.46485714285714286,0.6194285714285714
51_79,0.52325,0.596,0.61625
51_80,0.437,0.4064,0.47700000000000004
51_87,0.6302777777777778,0.4167222222222222,0.519888888888889
51_88,0.5924871794871794,0.4470769230769231,0.5176410256410257
51_89,0.5787142857142857,0.48464285714285715,0.5477142857142857
51_93,0.6124999999999999,0.547625,0.5542083333333333
51_96,0.605111111111111,0.44788888888888884,0.5547777777777778
51_102,0.6688,0.4606,0.4196
51_106,0.5561851851851851,0.4245185185185185,0.4720740740740741
51_114,0.6363333333333334,0.4391111111111111,0.5244444444444444
51_118,0.7123333333333334,0.48500000000000004,0.624
51_119,0.6777727272727273,0.4463181818181818,0.5788636363636364
51_120,0.6658000000000001,0.5142,0.5118
51_122,0.7025714285714286,0.5286428571428571,0.5164285714285715
51_123,0.6061428571428572,0.4055714285714286,0.44042857142857145
51_124,0.7475,0.3825,0.5315000000000001
51_125,0.7198333333333333,0.5763333333333334,0.5555
51_128,0.8013999999999999,0.5307999999999999,0.5528000000000001
51_129,0.7539090909090909,0.4954545454545455,0.5254545454545455
51_136,0.5105,0.3625,0.388
51_143,0.6311538461538462,0.42615384615384616,0.572
51_148,0.6499375000000001,0.4645,0.539125
51_156,0.7185714285714286,0.34614285714285714,0.5152857142857142
51_157,0.71,0.4822,0.573
51_159,0.6077777777777778,0.540888888888889,0.5558888888888889
51_164,0.62575,0.436875,0.474625
51_170,0.7032857142857143,0.42614285714285716,0.6622857142857143
51_172,0.6084705882352941,0.38476470588235295,0.4603529411764706
51_173,0.7491666666666666,0.314,0.48183333333333334
51_177,0.5910000000000001,0.5323333333333333,0.5903333333333333
51_184,0.648,0.35550000000000004,0.431
51_185,0.5400666666666666,0.39793333333333336,0.4208
51_200,,,
51_214,0.706,0.415,0.5767777777777777
51_215,0.5694285714285714,0.5298571428571429,0.49714285714285716
51_216,0.635,0.40399999999999997,0.35
51_218,0.74,0.594,0.667
51_221,0.5966666666666667,0.36775,0.42983333333333335
51_227,0.7276363636363636,0.4534545454545454,0.5268181818181819
51_241,0.566,0.5559999999999999,0.5796666666666667
51_242,0.6723333333333333,0.46058333333333334,0.5365
51_243,0.6626363636363636,0.3696363636363636,0.513909090909091
51_246,0.5575,0.572625,0.547125
51_248,0.6905555555555556,0.47700000000000004,0.6467777777777778
51_249,0.653,0.4566,0.528
51_251,0.7203478260869566,0.431,0.556304347826087
51_252,,,
51_260,0.7658461538461538,0.4970769230769231,0.6175384615384616
51_261,,,
51_271,0.648,0.5835,0.5885
51_285,,,
51_288,0.639888888888889,0.5186666666666667,0.5613333333333334
51_296,0.5989166666666667,0.42358333333333337,0.5032083333333334
51_299,0.6895,0.46225,0.46425
51_310,0.224,0.167,0.264
51_311,0.7004375,0.4783125,0.5448125
51_316,0.7162857142857143,0.4572857142857143,0.5737142857142857
51_317,0.7080000000000001,0.6376666666666667,0.6693333333333333
51_320,0.397,0.781,0.298
51_322,0.621375,0.457375,0.55025
52_3,0.608,0.44883333333333336,0.5473333333333333
52_8,0.6496999999999999,0.3726,0.4338
52_11,0.6722857142857144,0.3875,0.5048571428571429
52_12,0.6193846153846153,0.4707692307692308,0.5065384615384615
52_15,0.47550000000000003,0.3715,0.44275
52_18,,,
52_26,0.5516153846153846,0.4543846153846154,0.4572307692307692
52_39,0.6983333333333334,0.37777777777777777,0.5413333333333333
52_41,0.5824444444444444,0.3858888888888889,0.4991111111111111
52_44,0.6378,0.47273333333333334,0.5472
52_52,0.6654761904761904,0.4066666666666666,0.5495238095238095
52_53,0.6746666666666666,0.4653333333333333,0.6175
52_57,0.6536875,0.4274375,0.5134375
52_64,0.698,0.61,0.613
52_65,0.44371428571428567,0.489,0.43714285714285717
52_71,0.6258,0.45919999999999994,0.535
52_74,0.6835,0.43737499999999996,0.531
52_92,0.5236666666666666,0.3758333333333333,0.4566666666666667
52_94,0.6161538461538462,0.45684615384615385,0.4880769230769231
52_98,0.6990000000000001,0.4,0.614
52_99,0.5612,0.534,0.6359999999999999
52_103,0.56525,0.301,0.43
52_104,0.562,0.39675,0.4873125
52_113,0.6775000000000001,0.33416666666666667,0.5695
52_129,0.6829999999999999,0.42390909090909096,0.606
52_130,0.5960000000000001,0.5055000000000001,0.534
52_139,0.97,0.587,0.87
52_140,0.6381578947368421,0.33757894736842103,0.4431578947368421
52_141,0.5406666666666666,0.3795555555555556,0.44266666666666665
52_143,0.6481034482758621,0.42982758620689654,0.5189310344827586
52_153,0.7732857142857144,0.44899999999999995,0.533
52_154,0.653,0.35,0.537
52_161,0.7055,0.479,0.5155000000000001
52_166,0.5157272727272727,0.44472727272727275,0.44790909090909087
52_167,0.609,0.3615,0.368
52_169,0.4625333333333333,0.45,0.4076
52_172,0.49925,0.52225,0.46075
52_173,,,
52_177,0.608,0.44883333333333336,0.5473333333333333
52_180,0.51,0.441,0.444
52_182,0.605,0.32583333333333336,0.4851666666666667
52_189,0.5144,0.3906,0.3802
52_192,0.5330416666666666,0.42054166666666665,0.44554166666666667
52_199,0.5826250000000001,0.335125,0.473125
52_210,0.6333333333333333,0.4554761904761905,0.5298571428571429
52_216,0.623,0.43285714285714283,0.4358571428571429
52_218,0.6355625,0.3636875,0.492125
52_221,0.6664285714285715,0.4534285714285714,0.5302857142857144
52_224,0.731,0.45021428571428573,0.5286428571428571
52_227,0.72,0.308,0.595
52_231,0.5784444444444445,0.3983888888888889,0.4816666666666667
52_232,0.5365714285714286,0.4468571428571429,0.47528571428571426
52_234,0.44,0.467,0.62
52_235,0.59,0.4095,0.665
52_242,0.5389999999999999,0.5038,0.4788
52_249,0.6624375,0.4933125,0.5584375
52_251,0.4266666666666667,0.3873333333333333,0.37800000000000006
52_259,,,
52_260,0.41,0.5313333333333333,0.4036666666666666
52_263,0.6265555555555555,0.32866666666666666,0.40444444444444444
52_264,0.354,0.314,0.226
52_265,0.7245,0.415,0.597
52_266,0.602125,0.41000000000000003,0.497375
52_267,0.7124999999999999,0.4958333333333333,0.5748888888888889
52_270,0.594,0.3495,0.41800000000000004
52_271,0.7005,0.5625,0.6271666666666667
52_274,0.6379230769230768,0.4205384615384615,0.5286153846153846
52_275,0.772,0.5453749999999999,0.592625
52_276,0.7202500000000001,0.55,0.6719999999999999
52_280,0.7238,0.3438,0.5801999999999999
52_281,0.51825,0.27725,0.39075
52_282,0.612,0.28933333333333333,0.4843333333333333
52_283,0.615,0.30966666666666665,0.39999999999999997
52_288,0.6837058823529412,0.4556470588235294,0.4993529411764706
52_291,0.5397142857142857,0.4947142857142857,0.5245714285714286
52_293,0.7098333333333334,0.40724999999999995,0.5588333333333334
52_297,0.6038333333333333,0.363,0.49
52_300,0.6218333333333333,0.4984166666666667,0.5019166666666667
52_301,0.62675,0.66675,0.61125
52_302,0.44316666666666665,0.5243333333333333,0.5765
52_308,0.684,0.4043333333333334,0.471
52_314,0.5452,0.43373333333333336,0.5159333333333334
52_318,0.5581052631578947,0.44805263157894737,0.520157894736842
52_321,0.6050000000000001,0.45871428571428574,0.5404285714285714
52_324,0.5593333333333333,0.755,0.4426666666666667
52_325,0.5966666666666667,0.6693333333333333,0.44766666666666666
52_330,0.61975,0.39775,0.5145
52_334,0.48865,0.4833,0.49559999999999993
52_336,0.5350769230769231,0.5116153846153846,0.5046153846153846
52_340,,,
52_342,0.5767368421052632,0.48673684210526313,0.5595789473684211
52_343,0.469,0.4358000000000001,0.3654
52_347,0.5347058823529411,0.5401764705882353,0.5599411764705883
52_351,0.682625,0.439625,0.55025
52_359,0.719,0.353,0.446
52_370,0.485,0.4195,0.319
52_371,0.5688333333333333,0.5048333333333334,0.5796666666666667
52_376,0.6738,0.48200000000000004,0.5274
52_379,0.6954285714285715,0.4225,0.5163571428571428
52_382,0.6734166666666667,0.4286666666666667,0.5595833333333333
52_383,0.5986666666666667,0.41766666666666663,0.5106666666666667
53_0,0.4296666666666667,0.5003333333333333,0.4656666666666667
53_2,0.6876666666666668,0.4058333333333333,0.4828333333333334
53_7,,,
53_11,0.6360285714285714,0.5114857142857143,0.5611714285714287
53_12,0.918,0.6575,0.5640000000000001
53_18,0.6852916666666666,0.3777916666666667,0.5334583333333334
53_20,0.7936666666666667,0.41966666666666663,0.6801666666666666
53_23,0.5162222222222222,0.3898888888888889,0.48866666666666664
53_24,0.5829090909090909,0.41731818181818175,0.5413181818181818
53_27,0.6288888888888889,0.44505555555555554,0.4928888888888889
60_144,0.73725,0.56425,0.61425
73_251,0.6247857142857143,0.3929285714285714,0.45764285714285713
63_174,,,
72_45,0.6448571428571429,0.3922857142857143,0.4491428571428572
57_228,0.7525,0.3565,0.707
62_94,0.65075,0.47975,0.58925
60_291,0.552,0.49,0.546
71_65,0.6556666666666667,0.39441666666666664,0.5238333333333334
63_228,0.6367560975609756,0.40456097560975607,0.545560975609756
60_93,0.7308,0.3825,0.48580000000000007
58_54,0.7296470588235294,0.4223529411764706,0.5344117647058824
53_84,0.6887692307692308,0.48446153846153844,0.573923076923077
63_357,0.6144000000000001,0.4018,0.5428
70_13,0.75,0.529,0.725
73_286,0.7012499999999999,0.38833333333333336,0.5611666666666667
60_83,0.6560370370370371,0.4209629629629629,0.5117407407407407
62_346,0.6052500000000001,0.501,0.55925
62_317,0.885,0.54,0.781
71_301,0.6566666666666666,0.3328333333333333,0.46449999999999997
77_365,0.397,0.781,0.298
64_301,0.59875,0.42025,0.444125
70_79,0.6905,0.478,0.602
69_265,0.74,0.352,0.71
72_42,,,
55_270,0.6649166666666667,0.3670833333333334,0.5016666666666666
66_334,0.5086,0.4042,0.4166
63_237,0.7155714285714286,0.4788571428571429,0.6191428571428571
60_129,0.5051111111111112,0.3818888888888889,0.4197777777777778
68_304,0.5742941176470588,0.46788235294117647,0.4431764705882353
54_373,,,
55_135,0.643,0.3373333333333333,0.4606666666666666
76_180,0.714,0.48133333333333334,0.5616666666666666
70_97,0.6003333333333334,0.357,0.52
64_75,0.7283333333333334,0.47700000000000004,0.5373333333333333
61_337,0.8075,0.657,0.894
72_174,0.6406923076923078,0.436974358974359,0.5223589743589744
57_146,0.52325,0.37525000000000003,0.4845
74_135,0.6424,0.45499999999999996,0.5136666666666667
71_60,0.592,0.38033333333333336,0.5113333333333333
59_255,0.7181904761904763,0.40347619047619043,0.49523809523809526
58_235,0.46666666666666673,0.5579999999999999,0.5153333333333333
53_330,0.7386666666666667,0.4098,0.6216
62_289,0.6714285714285714,0.3866666666666666,0.5027142857142858
58_300,0.5815,0.3486666666666667,0.49066666666666664
63_146,0.542625,0.44375,0.40437500000000004
73_0,0.6167727272727274,0.3890909090909091,0.5179090909090909
57_48,0.6267619047619049,0.4136190476190476,0.48676190476190473
55_361,0.56825,0.39,0.4335
73_127,,,
53_202,0.5222727272727273,0.37581818181818183,0.45681818181818185
61_136,0.5427142857142857,0.44057142857142856,0.48085714285714287
66_291,0.67,0.548,0.536
60_225,0.6179166666666667,0.4312916666666667,0.53125
72_151,,,
77_23,0.5785,0.353,0.391
72_53,0.6150769230769231,0.44846153846153847,0.5148461538461538
59_176,0.36775,0.5805,0.35600000000000004
54_49,0.739,0.4445,0.527
78_237,0.5980000000000001,0.4704,0.55
53_233,0.5750000000000001,0.36533333333333334,0.6746666666666666
63_362,0.57025,0.4475,0.46725
76_76,0.6905454545454546,0.3975909090909091,0.5517272727272727
57_294,0.739,0.45775,0.625
62_86,,,
71_71,0.6504000000000001,0.38,0.6422
78_217,0.74725,0.3765,0.5589999999999999
61_335,0.6144000000000001,0.45339999999999997,0.5424
59_47,0.104,0.494,0.281
75_287,0.8825000000000001,0.44,0.6885
62_39,,,
75_185,0.6708571428571428,0.413,0.538
79_128,,,
76_191,0.93,0.442,0.65
66_95,0.5920588235294117,0.4432941176470588,0.5127058823529411
71_220,0.702516129032258,0.4549354838709677,0.6062580645161291
66_44,0.827,0.477,0.8315
65_194,0.7742,0.4888,0.6544000000000001
54_366,0.7269166666666668,0.48008333333333336,0.5855833333333333
74_14,0.6316428571428572,0.45457142857142857,0.5713571428571428
80_4,0.5544444444444445,0.5045555555555556,0.48922222222222217
55_186,0.958,0.665,0.81
71_159,0.7316,0.4726,0.6044
57_99,0.6685,0.506,0.476
55_23,0.653,0.2775,0.4425
61_345,0.62165,0.49874999999999997,0.4986
53_97,0.6391,0.39115,0.47830000000000006
66_96,0.7224999999999999,0.3775,0.619
66_104,0.878,0.235,0.491
66_247,0.6513333333333333,0.4716666666666667,0.578
57_314,0.7793333333333333,0.6016666666666667,0.6706666666666666
75_132,0.6858461538461539,0.4664615384615385,0.5670000000000001
53_296,0.73,0.5675,0.5185
70_187,0.646,0.137,0.291
53_333,0.627,0.37866666666666665,0.532
67_325,0.7405999999999999,0.4946,0.5443
79_59,,,
66_277,0.7358750000000001,0.4225,0.544
61_367,0.6728333333333334,0.41594444444444445,0.5202777777777778
78_186,0.7190625,0.4141875,0.5964375
59_280,0.6212352941176471,0.3151764705882353,0.469
72_58,0.6481600000000001,0.41676,0.5196000000000001
66_220,0.8676666666666666,0.5396666666666666,0.801
55_337,0.6411428571428572,0.3926428571428571,0.5274285714285714
80_247,0.649,0.4384705882352941,0.5513529411764706
53_326,,,
60_73,0.6242380952380953,0.38604761904761903,0.5069047619047619
79_21,0.8850000000000001,0.54,0.781
56_114,0.7393333333333333,0.426,0.6843333333333333
69_145,0.7798,0.4824,0.5666
72_122,0.6481666666666667,0.4475,0.6131666666666667
54_154,0.7942,0.6487999999999999,0.6559999999999999
55_33,0.7009375,0.3808125,0.533375
68_243,,,
71_283,0.5277777777777778,0.32166666666666666,0.42155555555555557
79_12,,,
54_420,0.958,0.353,0.526
74_210,0.6037826086956521,0.4275652173913043,0.5066521739130435
57_109,0.6946,0.5988,0.6172
62_290,0.7038947368421052,0.4038421052631579,0.6134210526315789
59_28,0.523,0.44885714285714284,0.4517142857142857
69_74,0.7744285714285715,0.38257142857142856,0.5038571428571429
54_412,0.5682222222222222,0.346,0.5087777777777779
72_275,0.7953333333333333,0.37866666666666665,0.5353333333333333
71_252,0.5842222222222222,0.3253333333333333,0.45011111111111113
72_184,0.5929444444444445,0.3846111111111111,0.4908333333333334
72_72,0.6658333333333333,0.38116666666666665,0.5667222222222222
59_300,0.5464,0.5574,0.5156
56_110,0.42,0.217,0.439
75_207,0.7322142857142857,0.41603571428571423,0.5331428571428571
74_105,0.6367499999999999,0.42325,0.58475
53_184,0.5635,0.26,0.391
60_117,0.5559090909090909,0.5171818181818182,0.5133636363636364
68_283,0.5864444444444445,0.44177777777777777,0.5071111111111111
60_7,0.52,0.52225,0.49275
64_46,0.694,0.594,0.781
64_307,,,
60_169,0.6496666666666667,0.4486666666666667,0.5211666666666667
56_143,0.6869999999999999,0.4071666666666667,0.5893333333333334
57_273,0.6553846153846153,0.4425,0.574
64_144,0.660578947368421,0.47331578947368425,0.6069473684210527
57_17,0.758,0.518,0.886
65_121,0.255,0.462,0.25
66_360,0.6794444444444444,0.4930740740740741,0.5292962962962963
77_217,,,
67_9,0.5643750000000001,0.336375,0.426375
53_169,0.6408,0.3953,0.5118
64_142,0.7461428571428571,0.48528571428571426,0.5804285714285714
55_212,0.5372666666666667,0.43546666666666667,0.45526666666666665
56_257,0.5983125,0.3866875,0.497125
55_146,0.6229166666666667,0.44691666666666663,0.54025
77_204,,,
73_219,0.7208333333333333,0.36483333333333334,0.4908333333333333
53_168,0.5899166666666666,0.40324999999999994,0.5071666666666667
59_112,0.6355555555555555,0.5348888888888889,0.6767777777777778
72_101,0.587,0.524,0.615
53_327,0.7545999999999999,0.41979999999999995,0.5397000000000001
65_122,0.6281538461538462,0.4225384615384616,0.4967692307692308
53_309,0.6633,0.5158,0.5457
61_288,0.7591111111111111,0.36833333333333335,0.5542222222222223
62_147,0.884,0.585,0.655
66_320,,,
62_245,0.6781111111111111,0.36666666666666664,0.4795555555555555
67_214,0.7017142857142857,0.3447142857142857,0.42600000000000005
72_24,0.5391666666666667,0.42591666666666667,0.46366666666666667
55_248,0.5384583333333334,0.4538333333333333,0.4658333333333333
62_335,0.46440000000000003,0.3452,0.403
61_81,0.7065,0.39089999999999997,0.5374
77_62,0.8039999999999999,0.532,0.6643333333333333
71_234,0.5983333333333333,0.4703333333333333,0.5413333333333333
66_210,0.5356,0.4828,0.4662
53_259,0.573,0.3,0.415
71_291,0.7154444444444444,0.34144444444444444,0.48355555555555557
55_402,0.2505,0.8195,0.33899999999999997
73_359,0.6151666666666666,0.3973333333333333,0.564
53_55,0.5302,0.4175,0.5485
53_38,0.6500714285714286,0.4285,0.5569285714285714
63_39,0.5563,0.4692,0.52625
74_203,0.542,0.5201666666666667,0.5448333333333334
73_65,0.5389999999999999,0.35760000000000003,0.49960000000000004
61_204,0.5645,0.428,0.4626666666666666
66_13,0.5880555555555556,0.37072222222222223,0.4623888888888889
69_80,0.5912083333333333,0.4570416666666666,0.4407916666666667
53_349,0.6595,0.39,0.4885
62_350,,,
76_224,0.796,0.387,0.529
57_157,0.5359999999999999,0.40780000000000005,0.42379999999999995
80_299,0.497,0.4692857142857143,0.45685714285714285
59_170,0.5505,0.42675,0.492
53_338,0.7698333333333333,0.4078333333333333,0.5291666666666667
60_50,0.56275,0.46325,0.5099166666666667
71_90,0.6215,0.37283333333333335,0.4705
65_314,0.7116666666666666,0.447,0.6003333333333333
62_296,0.6755,0.3745,0.5085
80_232,0.63525,0.44175000000000003,0.401
76_41,0.5961562499999999,0.409125,0.46134375
62_144,0.5795,0.50975,0.48425
75_177,0.7936666666666667,0.49,0.606
75_350,0.6564666666666666,0.4452,0.5788
59_197,0.57005,0.41375,0.50615
65_157,0.505,0.45999999999999996,0.471
53_193,,,
53_148,0.5544782608695652,0.3611739130434783,0.40447826086956523
55_325,0.5784,0.4487,0.4439
77_301,0.7160000000000001,0.414,0.5366666666666667
69_54,0.714,0.547,0.91
73_208,,,
68_335,0.47414285714285714,0.48714285714285716,0.4417142857142857
72_66,0.659375,0.40425,0.5515
63_333,0.68375,0.411375,0.5465
62_23,0.5905,0.3765,0.46525000000000005
68_173,0.7596666666666666,0.4166666666666667,0.5619999999999999
78_5,0.5730000000000001,0.3572,0.507
54_249,0.7729999999999999,0.39671428571428574,0.563
55_203,0.671,0.404,0.59375
75_192,0.6376000000000001,0.3897,0.49260000000000004
78_125,0.714,0.6265,0.5880000000000001
77_56,0.595,0.35375,0.403
53_129,0.5936666666666667,0.39599999999999996,0.5463333333333333
55_377,0.6123636363636363,0.45109090909090904,0.5101818181818182
74_224,0.6304615384615384,0.4326923076923077,0.46699999999999997
67_336,0.66085,0.40964999999999996,0.54135
74_70,0.5835,0.364,0.491
67_141,,,
79_349,0.5364,0.4474,0.3866
58_184,0.757,0.389,0.593
69_144,,,
72_123,0.885,0.455,0.5845
54_11,0.363,0.169,0.311
74_200,0.661896551724138,0.4485862068965517,0.5694137931034483
62_28,0.93,0.442,0.65
72_205,0.5956666666666667,0.4909444444444444,0.5307222222222223
59_119,0.7104,0.37039999999999995,0.5549999999999999
56_262,0.6642173913043478,0.37234782608695655,0.4900869565217391
58_118,0.60875,0.3595,0.37375
55_218,0.6920000000000001,0.43557142857142855,0.4972857142857143
63_41,0.5492857142857143,0.4087142857142857,0.4937142857142857
68_230,0.485,0.30500000000000005,0.456
59_184,0.6024,0.5326,0.5798
53_358,0.5419090909090909,0.44927272727272727,0.4908181818181818
61_139,0.7396666666666666,0.5216666666666666,0.5516666666666666
67_63,0.5576000000000001,0.4066,0.4888333333333333
62_359,0.5488000000000001,0.4342,0.43739999999999996
54_84,0.6571428571428571,0.4734285714285714,0.5437142857142857
75_297,0.5902857142857143,0.4271904761904762,0.4741428571428572
66_280,0.6413333333333333,0.446,0.5033333333333333
63_240,,,
53_263,0.5637000000000001,0.5038,0.5008
68_233,0.7371818181818182,0.40790909090909094,0.5865454545454546
53_424,0.5495,0.3885,0.47891666666666666
72_89,,,
75_122,0.6933,0.44279999999999997,0.5687
56_196,0.5206666666666667,0.45816666666666667,0.5088333333333334
54_351,0.674,0.609,0.61
77_174,0.6856,0.3536,0.5414
57_179,0.63525,0.398,0.55575
56_33,0.7464285714285713,0.431,0.6332857142857142
62_254,0.5758333333333333,0.4379166666666667,0.4566666666666667
79_47,0.6397307692307692,0.4591923076923077,0.5699230769230769
60_332,0.6195999999999999,0.24779999999999996,0.41690000000000005
55_163,0.71575,0.4558333333333333,0.5578333333333333
55_10,0.68275,0.27575,0.47375
53_126,0.6592,0.38980000000000004,0.5772
64_280,0.6826666666666666,0.459,0.5676666666666667
77_6,0.7143333333333334,0.4063333333333334,0.6091666666666666
71_34,0.66425,0.45375,0.422
61_178,0.657235294117647,0.4758823529411765,0.5677058823529412
76_234,0.6192368421052631,0.45931578947368423,0.5296578947368421
53_144,0.5532285714285714,0.37648571428571426,0.4412285714285714
79_137,0.6371290322580646,0.42800000000000005,0.5509032258064516
75_266,0.4685,0.29325,0.37875000000000003
79_123,0.6575833333333333,0.3665833333333333,0.4761666666666667
66_114,0.4876666666666667,0.4546666666666667,0.49066666666666664
61_229,0.6975384615384616,0.3983076923076923,0.5776153846153846
68_113,0.5469999999999999,0.4434,0.39540000000000003
60_229,0.6847500000000001,0.38549999999999995,0.51225
78_124,0.5864090909090909,0.5052727272727272,0.542409090909091
77_160,0.62068,0.45936,0.5478799999999999
61_105,0.5940000000000001,0.4343076923076923,0.5219615384615385
68_345,0.759888888888889,0.46844444444444444,0.5758888888888889
79_261,0.6008571428571428,0.48864285714285716,0.5196428571428572
56_373,0.6452142857142856,0.49114285714285716,0.5073571428571428
69_315,0.7291666666666666,0.3413333333333333,0.5336666666666666
75_66,0.575,0.5057777777777778,0.48411111111111116
53_352,0.6684,0.4031333333333333,0.5126000000000001
63_55,0.6822,0.3116,0.613
64_83,0.6350666666666667,0.41519999999999996,0.5676666666666667
77_82,0.6067222222222222,0.4401111111111111,0.513
57_53,0.5337,0.48109999999999997,0.5039
65_214,0.7135454545454546,0.4763636363636364,0.5371818181818182
70_69,0.7205714285714286,0.469,0.5677142857142857
74_78,0.5676666666666667,0.4861904761904762,0.5188571428571429
63_181,0.8244,0.46259999999999996,0.6599999999999999
68_204,0.6356666666666667,0.531,0.4406666666666667
71_281,0.619,0.3686923076923077,0.4986153846153846
62_20,0.6180769230769231,0.44269230769230766,0.5428461538461539
63_283,0.6817692307692307,0.4793076923076923,0.5892307692307692
78_38,0.6872857142857143,0.45299999999999996,0.5442857142857143
76_192,0.7504117647058823,0.44423529411764706,0.5544117647058824
65_247,0.6786666666666666,0.403,0.5459999999999999
75_295,0.673,0.4045,0.42216666666666663
54_234,0.4787692307692308,0.456,0.42192307692307696
56_8,0.7543333333333333,0.43966666666666665,0.5006666666666667
75_32,0.6399230769230768,0.40707692307692306,0.5211923076923077
54_179,0.622909090909091,0.4233636363636364,0.5195454545454545
72_159,0.6305000000000001,0.4397727272727273,0.553
54_255,0.6586666666666666,0.4523333333333333,0.5103333333333333
72_298,0.5919166666666666,0.3973333333333333,0.45325
67_256,0.7383846153846154,0.49238461538461537,0.5484615384615384
79_269,0.7598,0.45680000000000004,0.5690000000000001
64_203,0.6862499999999999,0.38466666666666666,0.553
57_272,0.6076666666666667,0.6136666666666667,0.6473333333333333
55_109,0.5324375,0.505875,0.5583125
80_222,0.5543333333333333,0.4836666666666667,0.5193333333333333
53_77,0.6184000000000001,0.4096,0.5346
69_380,0.6825,0.245,0.3685
68_318,0.4868,0.6085,0.6014
69_331,0.608125,0.376625,0.464375
60_122,0.5856,0.39075,0.52085
77_16,0.6887777777777777,0.6060555555555556,0.6258888888888889
74_75,0.6538333333333334,0.42966666666666664,0.4969166666666667
64_66,0.7293076923076923,0.4480769230769231,0.6123846153846154
80_323,0.74225,0.2895,0.55925
78_119,0.5309230769230769,0.4337692307692308,0.4203076923076923
80_2,0.8566666666666668,0.488,0.628
74_121,0.6290869565217391,0.4462608695652174,0.5013043478260869
72_272,0.4663333333333333,0.4487777777777777,0.43922222222222224
54_102,0.63175,0.3868125,0.4886875
70_346,0.6403333333333333,0.5419999999999999,0.6126666666666667
60_166,0.5946666666666667,0.45966666666666667,0.5142083333333333
77_97,0.5856923076923077,0.3809230769230769,0.4437692307692308
76_220,0.6244999999999999,0.4017916666666667,0.47725
62_176,0.6556666666666667,0.3921515151515152,0.5244848484848484
80_313,0.5485,0.42300000000000004,0.4435
61_174,0.6434642857142857,0.4685714285714285,0.5927857142857142
59_5,0.6267142857142858,0.3528571428571428,0.435
78_43,0.5995,0.40325,0.515
57_44,0.6249375,0.406875,0.537875
56_249,0.616,0.39065,0.53205
76_249,0.7121818181818181,0.5988181818181818,0.5938181818181818
53_215,0.49957142857142856,0.4486428571428571,0.45135714285714285
80_32,0.6204615384615385,0.4340769230769231,0.4773846153846154
77_358,0.5103333333333333,0.39655555555555555,0.49388888888888893
61_147,0.634,0.418,0.55275
63_360,0.6605714285714285,0.4642857142857143,0.5538571428571428
76_295,0.6088235294117647,0.457235294117647,0.5298235294117647
69_50,0.7312727272727273,0.424,0.5635454545454546
80_134,0.58175,0.348,0.47425
69_111,0.6699545454545455,0.4471818181818181,0.5810909090909091
79_302,0.69675,0.40625,0.55125
58_199,0.641,0.385,0.6475
79_290,0.5094444444444445,0.47633333333333333,0.4625555555555556
65_109,0.5602727272727273,0.5065454545454545,0.512
78_266,0.6041000000000001,0.42919999999999997,0.5439
72_116,0.6949375,0.466875,0.5688124999999999
67_178,0.729,0.37,0.5
58_72,0.5528571428571428,0.4562857142857143,0.46085714285714285
80_330,0.397,0.781,0.298
70_82,0.4868,0.36219999999999997,0.4466
77_211,0.6544594594594595,0.4349189189189189,0.539054054054054
74_64,0.5313333333333333,0.455,0.414
77_201,0.6084782608695651,0.4418260869565217,0.5389130434782609
76_298,0.6402857142857143,0.4147142857142857,0.514
69_147,0.6537499999999999,0.34883333333333333,0.46366666666666667
68_123,0.6763571428571428,0.44085714285714284,0.5083571428571428
63_74,0.30733333333333335,0.41533333333333333,0.3706666666666667
62_136,0.6201666666666666,0.4391111111111111,0.5450555555555555
65_262,0.7125555555555556,0.4815555555555555,0.5527777777777777
64_333,0.5813333333333334,0.38883333333333336,0.47383333333333333
73_199,0.5862307692307692,0.4873846153846154,0.5252307692307693
76_59,0.5852631578947368,0.37257894736842107,0.42589473684210527
65_373,0.621375,0.457375,0.55025
61_45,0.7085806451612904,0.3740322580645162,0.5029677419354839
65_325,0.7107272727272727,0.478,0.6273636363636363
80_297,0.47433333333333333,0.412,0.4203333333333334
63_238,0.6023125,0.451,0.5005625
55_14,0.461625,0.308375,0.39187500000000003
73_93,0.616625,0.39799999999999996,0.5686875
78_276,0.4788,0.47380000000000005,0.4524
56_225,0.6164814814814815,0.39455555555555555,0.39214814814814813
78_114,0.635,0.36033333333333334,0.5161666666666667
65_20,0.53175,0.48524999999999996,0.54025
55_310,0.602,0.4851578947368421,0.5215263157894737
69_130,0.6348333333333334,0.4435,0.5431666666666667
75_11,0.6849166666666666,0.4048333333333333,0.5643333333333334
71_51,0.5697,0.33290000000000003,0.4824
61_283,0.652,0.4424782608695652,0.5303478260869565
55_191,0.6405625,0.4290625,0.544625
73_241,0.6992,0.40354999999999996,0.5302
77_111,0.4681,0.5343,0.4423
61_92,0.6144000000000001,0.333,0.5282
63_329,0.6343636363636364,0.449,0.49436363636363634
71_274,0.6952105263157895,0.4392105263157895,0.6176842105263158
76_199,0.742,0.61275,0.65225
74_129,0.686375,0.52175,0.59775
53_183,0.5954615384615385,0.3296923076923077,0.4451538461538461
69_393,0.644,0.4008181818181818,0.528
79_43,0.68976,0.47491999999999995,0.5522
62_347,0.5112307692307693,0.37838461538461543,0.4857692307692308
59_232,0.66635,0.39554999999999996,0.5117499999999999
70_218,0.6554,0.4232,0.5605
75_271,0.51,0.38,0.48
66_127,0.636357142857143,0.4595714285714286,0.47657142857142853
69_175,0.6608,0.42255000000000004,0.46185
68_49,0.6733999999999999,0.3622666666666667,0.5248
66_40,0.6568888888888889,0.4112222222222222,0.6136666666666666
74_311,0.49833333333333335,0.444,0.48300000000000004
67_100,0.5315,0.4965,0.4535
70_138,0.74225,0.57975,0.5395
64_290,0.6294666666666667,0.4612,0.5380666666666667
58_83,0.6694285714285714,0.5541428571428572,0.6037142857142858
57_265,0.6661666666666667,0.3855,0.5194166666666667
57_39,0.5848928571428571,0.36207142857142854,0.4604285714285714
78_39,0.619625,0.42524999999999996,0.524375
78_152,0.5983333333333333,0.43766666666666665,0.5853333333333334
59_205,0.5443333333333333,0.355,0.4663333333333333
68_321,0.5479999999999999,0.4082307692307693,0.4306923076923077
65_66,0.6521578947368422,0.41936842105263156,0.5349999999999999
62_78,0.6634583333333334,0.4051666666666667,0.509
80_176,0.714,0.296,0.547
74_185,0.6476,0.38639999999999997,0.5405
77_73,0.7175,0.41475,0.6032500000000001
65_368,0.619125,0.3640625,0.5075000000000001
78_97,0.568952380952381,0.45395238095238094,0.454
73_28,0.6492941176470588,0.37935294117647056,0.546
77_141,0.6470357142857143,0.43096428571428574,0.5355714285714286
62_284,0.67,0.3800909090909091,0.48045454545454547
77_209,0.6498571428571428,0.37157142857142855,0.523
79_51,0.6367058823529411,0.3618235294117647,0.48817647058823527
61_319,0.55675,0.35975,0.42175
74_179,0.7286190476190476,0.3888571428571429,0.5826666666666667
57_329,0.6786666666666666,0.40199999999999997,0.5325000000000001
64_177,0.48618181818181816,0.4061818181818182,0.45990909090909093
74_250,0.4317142857142858,0.5767142857142857,0.48814285714285716
77_128,0.7205,0.4258333333333333,0.5283333333333333
79_259,0.5185454545454545,0.40454545454545454,0.4343636363636364
64_373,0.6223333333333333,0.42533333333333334,0.5593333333333333
69_320,0.49300000000000005,0.5403333333333333,0.5616666666666666
59_90,0.5983846153846154,0.427,0.5006923076923078
71_226,0.7916363636363637,0.40772727272727277,0.5224545454545454
59_48,0.584111111111111,0.3918888888888889,0.46677777777777785
78_286,0.6924444444444444,0.3827777777777778,0.5631111111111111
80_48,0.7632,0.4798,0.558
76_225,0.63,0.359,0.4971666666666667
61_14,0.7523333333333334,0.37200000000000005,0.5861666666666666
54_79,0.6771904761904762,0.397047619047619,0.5070476190476191
71_73,0.66,0.41625,0.559
65_103,0.7056666666666667,0.40116666666666667,0.5098333333333334
77_130,0.5248181818181817,0.4786363636363637,0.47463636363636363
68_267,0.7142666666666667,0.5153333333333333,0.6132666666666666
63_301,0.5843636363636363,0.4228181818181818,0.5028181818181818
60_8,0.62775,0.51,0.5720833333333334
64_34,0.5174761904761905,0.442047619047619,0.5217619047619048
63_30,0.5808333333333333,0.4463333333333333,0.525
73_42,0.5641,0.43179999999999996,0.5156
77_252,0.4835,0.42133333333333334,0.43416666666666665
65_307,0.49900000000000005,0.6381666666666667,0.5301666666666667
75_331,0.7053333333333334,0.37677777777777777,0.5993333333333334
62_203,0.6855,0.5549999999999999,0.6505
57_343,0.58,0.49939999999999996,0.6001000000000001
78_113,0.73,0.39466666666666667,0.6456666666666666
71_121,0.6168888888888888,0.43269444444444444,0.5637500000000001
78_146,0.6322857142857143,0.4630714285714285,0.5286428571428571
77_120,0.606952380952381,0.44190476190476186,0.4716666666666666
54_213,0.5881538461538461,0.43030769230769234,0.5253846153846153
80_44,0.64,0.43264285714285716,0.4645
76_5,0.6626666666666667,0.39422222222222225,0.5111111111111111
66_158,0.6145882352941177,0.38794117647058823,0.49658823529411766
67_207,0.7182222222222222,0.4118888888888889,0.5095555555555555
76_136,0.8403333333333333,0.5435,0.6576666666666667
77_284,0.6948888888888889,0.4083333333333333,0.522
61_357,0.73425,0.4018125,0.4974375
79_297,0.478,0.50225,0.56
64_136,0.63,0.3975454545454546,0.5056363636363637
73_86,0.6326363636363637,0.4506363636363636,0.4990909090909091
77_341,0.6344347826086957,0.423304347826087,0.523
77_66,0.635090909090909,0.3600909090909091,0.5025454545454546
54_155,0.6353030303030303,0.43075757575757573,0.4498181818181818
78_226,0.6653095238095238,0.47709523809523813,0.536952380952381
76_44,0.6964705882352941,0.36911764705882355,0.5635294117647058
66_386,0.6133333333333333,0.3538333333333333,0.43183333333333335
63_143,0.7934285714285715,0.5527142857142857,0.6912857142857144
78_118,0.5662222222222222,0.3638888888888889,0.49366666666666664
72_263,0.6919047619047619,0.4042857142857143,0.5786190476190476
77_19,0.6343571428571428,0.42107142857142854,0.4957857142857143
58_107,0.651,0.45199999999999996,0.5893333333333334
58_269,0.6423333333333333,0.37883333333333336,0.5145000000000001
54_289,0.6746153846153846,0.42184615384615387,0.5196923076923077
80_22,0.6523529411764706,0.45747058823529413,0.5442352941176472
72_9,0.6593333333333333,0.4865555555555555,0.5961666666666666
54_22,0.6342068965517241,0.42982758620689654,0.514
78_136,0.5439090909090909,0.3650909090909091,0.4942727272727273
67_349,0.7445999999999999,0.491,0.6314
66_136,0.7087058823529412,0.41205882352941176,0.5503529411764706
74_312,0.6781333333333334,0.4341333333333333,0.5695333333333333
61_110,0.6575833333333333,0.4210833333333333,0.5138333333333334
61_12,0.6895000000000001,0.5486666666666667,0.6191666666666668
60_337,0.48150000000000004,0.45166666666666666,0.501
67_137,0.5978421052631578,0.40257894736842104,0.4749473684210527
71_94,0.5915925925925927,0.36214814814814816,0.45466666666666666
65_36,0.5723600000000001,0.40344,0.48892
