nid,audio_arousal_wav2vec,audio_dominance_wav2vec,audio_valence_wav2vec
51_1,0.6744624376296997,0.663475751876831,0.39192914962768555
51_2,0.7970471382141113,0.7435157299041748,0.6108695864677429
51_5,0.6950296759605408,0.6739391088485718,0.739434540271759
51_6,0.6852847337722778,0.6487141251564026,0.6076239347457886
51_15,0.4987565875053406,0.5390939116477966,0.5150490403175354
51_19,0.7171989679336548,0.7159121632575989,0.7896970510482788
51_24,0.6192419528961182,0.6283048391342163,0.5060009956359863
51_25,0.6924378871917725,0.6848105192184448,0.9162688851356506
51_28,0.6475582122802734,0.6628029942512512,0.8710570335388184
51_29,0.7163134813308716,0.7098907232284546,0.708128809928894
51_30,0.6876850724220276,0.6566035747528076,0.4015434682369232
51_31,0.5848477482795715,0.5999013185501099,0.7502843141555786
51_33,0.7154728174209595,0.7542123198509216,0.9897868633270264
51_35,0.6159182786941528,0.6440725922584534,0.8166431188583374
51_36,0.8487241864204407,0.7662441730499268,0.8196135759353638
51_45,0.6959084272384644,0.6521214246749878,0.6476422548294067
51_48,0.6216639876365662,0.6588445901870728,0.7730140686035156
51_51,0.6392325162887573,0.6596970558166504,0.7271507382392883
51_52,0.7019199132919312,0.6639456748962402,0.5983227491378784
51_56,0.6462076902389526,0.6668345928192139,0.603739321231842
51_58,0.5446131825447083,0.5731564164161682,0.6795178055763245
51_59,0.5854384303092957,0.6095110177993774,0.8936247229576111
51_61,0.6692821979522705,0.6421291828155518,0.6345736980438232
51_66,0.7856805324554443,0.756553590297699,0.5801085233688354
51_68,0.6302515268325806,0.6438482999801636,0.39643004536628723
51_69,0.6272698640823364,0.6246424317359924,0.6052542328834534
51_74,0.6775861978530884,0.6988309621810913,0.3607706129550934
51_75,0.7175930738449097,0.7271929979324341,0.5604859590530396
51_77,0.6699418425559998,0.6649349927902222,0.6879668235778809
51_79,0.5454485416412354,0.622219443321228,0.35077351331710815
51_80,0.5243457555770874,0.5712668895721436,0.545436441898346
51_87,0.6384196281433105,0.6284753680229187,0.5371715426445007
51_88,0.7640380859375,0.7381559610366821,0.5389730334281921
51_89,0.6701244711875916,0.677450954914093,0.6375422477722168
51_93,0.8502660989761353,0.794089674949646,0.5643207430839539
51_96,0.6842178106307983,0.6813343167304993,0.29774338006973267
51_102,0.6063758134841919,0.5880992412567139,0.44704240560531616
51_106,0.6931122541427612,0.7011125683784485,0.31784841418266296
51_114,0.6369813680648804,0.6264855861663818,0.644127368927002
51_118,0.5213541388511658,0.548224151134491,0.44433894753456116
51_119,0.6841655969619751,0.6504161357879639,0.5768933892250061
51_120,0.561924159526825,0.6194663047790527,0.8707724809646606
51_122,0.6223252415657043,0.6482781171798706,0.6316606998443604
51_123,0.5181531310081482,0.5590580105781555,0.35461345314979553
51_124,0.6353890895843506,0.6121482849121094,0.5817294120788574
51_125,0.7970223426818848,0.7546007633209229,0.8357241153717041
51_128,0.3869113028049469,0.5067341327667236,0.49272239208221436
51_129,0.6079078316688538,0.6028542518615723,0.6933183670043945
51_136,0.6847568154335022,0.6699643135070801,0.6910925507545471
51_143,0.7180835008621216,0.6959514617919922,0.646798849105835
51_148,0.7358839511871338,0.7025750875473022,0.790235161781311
51_156,0.7943499684333801,0.7417622208595276,0.5280729532241821
51_157,0.7931349277496338,0.7489213943481445,0.6853414177894592
51_159,0.7101487517356873,0.6900696754455566,0.5906881093978882
51_164,0.7321591377258301,0.6966615319252014,0.7237093448638916
51_170,0.6747663021087646,0.6932926177978516,0.6659468412399292
51_172,0.7888692617416382,0.7772991061210632,0.3425097167491913
51_173,0.8376789093017578,0.7611634731292725,0.4748159348964691
51_177,0.6352123022079468,0.6575958132743835,0.47671303153038025
51_184,0.7298470139503479,0.7099255919456482,0.7251728177070618
51_185,0.6975613236427307,0.6720200181007385,0.4404258131980896
51_200,0.5233782529830933,0.5709608793258667,0.5875746011734009
51_214,0.7147189378738403,0.7056367993354797,0.48155543208122253
51_215,0.6660174131393433,0.7164789438247681,0.15564776957035065
51_216,0.7133938074111938,0.7123987674713135,0.4539569318294525
51_218,0.8598077297210693,0.8000437021255493,0.2799954414367676
51_221,0.7538424134254456,0.7609988451004028,0.6026778221130371
51_227,0.6008015871047974,0.6189402341842651,0.8240846991539001
51_241,0.2990739345550537,0.38268163800239563,0.4448429346084595
51_242,0.6090559959411621,0.6386291980743408,0.7867685556411743
51_243,0.5017580389976501,0.5645803213119507,0.5081465244293213
51_246,0.8431879281997681,0.7690643072128296,0.5647078156471252
51_248,0.5617530941963196,0.6060495972633362,0.41922125220298767
51_249,0.4101657271385193,0.47687047719955444,0.564254641532898
51_251,0.6674460172653198,0.689954400062561,0.8078169226646423
51_252,0.6431191563606262,0.6292785406112671,0.6830533146858215
51_260,0.7479760050773621,0.7604726552963257,0.6475246548652649
51_261,0.6323480010032654,0.6438286304473877,0.7188149690628052
51_271,0.6913427114486694,0.6737349629402161,0.5367448329925537
51_285,0.6431751251220703,0.6334367394447327,0.7472585439682007
51_288,0.6652241945266724,0.6698359251022339,0.6720144748687744
51_296,0.7425535917282104,0.7539256811141968,0.39732620120048523
51_299,0.6494094133377075,0.6563901901245117,0.8120337128639221
51_310,0.8332944512367249,0.7734853029251099,0.8478493690490723
51_311,0.8476549386978149,0.7569180727005005,0.6112163066864014
51_316,0.6528620719909668,0.6847256422042847,0.8737084865570068
51_317,0.7839914560317993,0.7633981704711914,0.8099610209465027
51_320,0.9111492037773132,0.8511214256286621,0.8114427328109741
51_322,0.687457799911499,0.6898742914199829,0.7166701555252075
52_3,0.8480134010314941,0.7966399192810059,0.6231657266616821
52_8,0.7144551277160645,0.6957249641418457,0.6656221151351929
52_11,0.771877110004425,0.7382683753967285,0.7048428058624268
52_12,0.6141315698623657,0.6493155360221863,0.4991389811038971
52_15,0.6730639934539795,0.6550027132034302,0.49275562167167664
52_18,0.6889340877532959,0.6992679834365845,0.7292579412460327
52_26,0.6326037049293518,0.637902021408081,0.6298237442970276
52_39,0.6067322492599487,0.6564987301826477,0.6219549179077148
52_41,0.6080074310302734,0.6368666887283325,0.4942300021648407
52_44,0.6464858055114746,0.6542835235595703,0.3437543511390686
52_52,0.6206978559494019,0.6559756398200989,0.4323400557041168
52_53,0.583115816116333,0.6463472247123718,0.5289324522018433
52_57,0.7276678085327148,0.7189614772796631,0.5998461246490479
52_64,0.7463881969451904,0.7427917718887329,0.5720481872558594
52_65,0.8464198112487793,0.7947745323181152,0.49076786637306213
52_71,0.6088703870773315,0.6113649010658264,0.4582192003726959
52_74,0.5310985445976257,0.5608553290367126,0.2809387445449829
52_92,0.5370045304298401,0.5963101387023926,0.5111249089241028
52_94,0.6139942407608032,0.6159173846244812,0.6131881475448608
52_98,0.5398286581039429,0.5597066879272461,0.6169053912162781
52_99,0.6388528347015381,0.6633281111717224,0.6510686874389648
52_103,0.7307066917419434,0.7200000286102295,0.49717602133750916
52_104,0.7152078151702881,0.6834911704063416,0.6738367676734924
52_113,0.3990764021873474,0.44821423292160034,0.5686562657356262
52_129,0.73642498254776,0.7147248387336731,0.8238149285316467
52_130,0.8135887980461121,0.7760701775550842,0.8108288049697876
52_139,0.6465901136398315,0.6583096385002136,0.9123207926750183
52_140,0.7224825620651245,0.7125857472419739,0.7548221349716187
52_141,0.6595760583877563,0.6798557639122009,0.5911668539047241
52_143,0.7112714648246765,0.7008646130561829,0.6763023138046265
52_153,0.8124077320098877,0.7744457721710205,0.9001761674880981
52_154,0.7919507026672363,0.7687993049621582,0.9391769170761108
52_161,0.7369275093078613,0.7327585816383362,0.6887121200561523
52_166,0.5892714858055115,0.6024912595748901,0.4438122808933258
52_167,0.7513173818588257,0.7118105888366699,0.7384978532791138
52_169,0.6840085983276367,0.7397583723068237,0.22910723090171814
52_172,0.761056661605835,0.7622307538986206,0.21809254586696625
52_173,0.7679011821746826,0.7781339883804321,0.6579195261001587
52_177,0.8601802587509155,0.8026666641235352,0.6605284214019775
52_180,0.6632969379425049,0.6441682577133179,0.6895093321800232
52_182,0.6652731895446777,0.6629675626754761,0.7292487621307373
52_189,0.6782752871513367,0.658901035785675,0.6184043884277344
52_192,0.7588871717453003,0.7305498719215393,0.48871102929115295
52_199,0.6100797653198242,0.6008849740028381,0.4937576949596405
52_210,0.8791902661323547,0.8408850431442261,0.30699339509010315
52_216,0.5714810490608215,0.6348825693130493,0.5496400594711304
52_218,0.6724721193313599,0.6698049306869507,0.4470966160297394
52_221,0.5474932193756104,0.5751876831054688,0.6155629754066467
52_224,0.5898399353027344,0.6258336305618286,0.7154204249382019
52_227,0.7518807649612427,0.7115628719329834,0.8211938142776489
52_231,0.8316794037818909,0.7990545034408569,0.5273458957672119
52_232,0.7674177885055542,0.7593151330947876,0.3540530502796173
52_234,0.7103463411331177,0.7073943018913269,0.45384660363197327
52_235,0.7376530170440674,0.696204662322998,0.5550951957702637
52_242,0.7941732406616211,0.759555995464325,0.6199793219566345
52_249,0.6090198755264282,0.6455696821212769,0.7240288257598877
52_251,0.7309470772743225,0.7230164408683777,0.5675501823425293
52_259,0.5737519264221191,0.5702333450317383,0.7108310461044312
52_260,0.6057394742965698,0.601469874382019,0.6619816422462463
52_263,0.4754493236541748,0.5118962526321411,0.6344003677368164
52_264,0.6104651689529419,0.6167497634887695,0.6842716932296753
52_265,0.7168813943862915,0.6745966672897339,0.7728553414344788
52_266,0.693315863609314,0.6329718828201294,0.7127465009689331
52_267,0.6133543252944946,0.6197110414505005,0.6258421540260315
52_270,0.6973752379417419,0.6617726683616638,0.8485383987426758
52_271,0.5863080024719238,0.5946590304374695,0.45858529210090637
52_274,0.7295340895652771,0.6974113583564758,0.7173455953598022
52_275,0.6617799997329712,0.6776344776153564,0.7287886142730713
52_276,0.6170192956924438,0.6357446312904358,0.42604395747184753
52_280,0.6061054468154907,0.6403024196624756,0.7077795267105103
52_281,0.5660877227783203,0.5865700840950012,0.6308600902557373
52_282,0.5400169491767883,0.5485206842422485,0.400452584028244
52_283,0.6440340280532837,0.6411821246147156,0.8001247048377991
52_288,0.6017009615898132,0.6056433916091919,0.6161929368972778
52_291,0.7226724624633789,0.7103216648101807,0.7434867024421692
52_293,0.7425215244293213,0.7120944261550903,0.6735211610794067
52_297,0.622381329536438,0.6209684014320374,0.6516153812408447
52_300,0.6864684820175171,0.7010531425476074,0.4818843603134155
52_301,0.7683283090591431,0.7810099720954895,0.7030925750732422
52_302,0.5646964907646179,0.599636971950531,0.6225230097770691
52_308,0.5586951375007629,0.6161648035049438,0.5948735475540161
52_314,0.7944671511650085,0.7999968528747559,0.244666188955307
52_318,0.7454342842102051,0.7314693927764893,0.3998875617980957
52_321,0.6963444948196411,0.7031559944152832,0.3964146077632904
52_324,0.7969603538513184,0.7576884627342224,0.3770683705806732
52_325,0.7492520809173584,0.7253394722938538,0.8036994934082031
52_330,0.564753532409668,0.560537576675415,0.6518048644065857
52_334,0.7351105213165283,0.7331973314285278,0.4837460517883301
52_336,0.7347474098205566,0.724190890789032,0.31337717175483704
52_340,0.6928523778915405,0.7119890451431274,0.46996447443962097
52_342,0.6550493240356445,0.6759715676307678,0.4872688949108124
52_343,0.7133338451385498,0.666867733001709,0.6541640758514404
52_347,0.6618599891662598,0.6700199842453003,0.44810017943382263
52_351,0.5834957361221313,0.5800338983535767,0.5084871649742126
52_359,0.5140968561172485,0.5267338752746582,0.3454875349998474
52_370,0.6802979111671448,0.7229081988334656,0.2748086750507355
52_371,0.6042128801345825,0.6327340602874756,0.37972238659858704
52_376,0.7544428110122681,0.7429921627044678,0.8967407941818237
52_379,0.7940371036529541,0.7549936771392822,0.8223764896392822
52_382,0.6564635038375854,0.6576088666915894,0.8816851377487183
52_383,0.6634621024131775,0.6753110885620117,0.7028303146362305
53_0,0.4294328987598419,0.5131157636642456,0.5323137044906616
53_2,0.6792430281639099,0.6843992471694946,0.3616601526737213
53_7,0.897796630859375,0.7972220182418823,0.7775914072990417
53_11,0.7256313562393188,0.7088608741760254,0.76216721534729
53_12,0.5725662112236023,0.6026662588119507,0.8221031427383423
53_18,0.5839688777923584,0.6275874376296997,0.6166430711746216
53_20,0.5295644998550415,0.6022337079048157,0.5123658776283264
53_23,0.7084270715713501,0.715680718421936,0.5969860553741455
53_24,0.6243212819099426,0.6443499326705933,0.46635499596595764
53_27,0.6748353242874146,0.6793395280838013,0.786574125289917
60_144,0.568257212638855,0.5696905851364136,0.5128942728042603
73_251,0.7212976813316345,0.7018763422966003,0.6567125916481018
63_174,0.8088769912719727,0.7425346374511719,0.5937259197235107
72_45,0.546506941318512,0.5826764106750488,0.4698374569416046
57_228,0.7612403631210327,0.7372553944587708,0.7203277945518494
62_94,0.7269006967544556,0.6640979051589966,0.8160288333892822
60_291,0.704363226890564,0.6935856342315674,0.6508550047874451
71_65,0.6325766444206238,0.6833727955818176,0.5445013642311096
63_228,0.5584961175918579,0.6061335802078247,0.7719208002090454
60_93,0.5529324412345886,0.573753297328949,0.7140852212905884
58_54,0.8033558130264282,0.7780255079269409,0.7697292566299438
53_84,0.751987874507904,0.73015958070755,0.8512340188026428
63_357,0.7836704254150391,0.7569466829299927,0.6194215416908264
70_13,0.6412698030471802,0.6825041770935059,0.8064944744110107
73_286,0.8251538276672363,0.7696534395217896,0.29632675647735596
60_83,0.7752772569656372,0.7358707189559937,0.6368459463119507
62_346,0.5844531059265137,0.6266555190086365,0.6635986566543579
62_317,0.7110887765884399,0.7067927718162537,0.420438677072525
71_301,0.46643057465553284,0.5560338497161865,0.482986718416214
77_365,0.7113051414489746,0.7127108573913574,0.7430135011672974
64_301,0.7061415314674377,0.6948847770690918,0.8217514157295227
70_79,0.6838747262954712,0.6899904012680054,0.8876160383224487
69_265,0.4910391569137573,0.5816283822059631,0.27511975169181824
72_42,0.6611045598983765,0.6886277198791504,0.6891919374465942
55_270,0.6145671606063843,0.6316744685173035,0.7056530117988586
66_334,0.8053028583526611,0.7664278745651245,0.30477777123451233
63_237,0.6830249428749084,0.6907563209533691,0.9192488193511963
60_129,0.6417636871337891,0.6540102362632751,0.6452364921569824
68_304,0.774401068687439,0.7727355360984802,0.2473970353603363
54_373,0.8338134288787842,0.80108243227005,0.5359866619110107
55_135,0.4747088849544525,0.5506284236907959,0.6601524353027344
76_180,0.7223567962646484,0.7100736498832703,0.7300874590873718
70_97,0.6277769804000854,0.6362911462783813,0.5153546929359436
64_75,0.6068668961524963,0.6031568646430969,0.6674551367759705
61_337,0.7485563158988953,0.720180094242096,0.8187664747238159
72_174,0.7433261871337891,0.7268075346946716,0.705865204334259
57_146,0.6665799617767334,0.6833876967430115,0.5419811010360718
74_135,0.6618123054504395,0.6857918500900269,0.3974972367286682
71_60,0.7432042360305786,0.7257552146911621,0.42680826783180237
59_255,0.8195221424102783,0.7895268797874451,0.6671615839004517
58_235,0.6843878030776978,0.6468103528022766,0.8063299655914307
53_330,0.7496956586837769,0.7552992701530457,0.9155804514884949
62_289,0.6796479225158691,0.6967463493347168,0.5486116409301758
58_300,0.6361608505249023,0.652976393699646,0.6733596920967102
63_146,0.6525775790214539,0.6876311302185059,0.7566840648651123
73_0,0.7611373662948608,0.7374882698059082,0.2693180441856384
57_48,0.7007476091384888,0.6933031678199768,0.6087239980697632
55_361,0.6686141490936279,0.6728249192237854,0.67684006690979
73_127,0.5878921747207642,0.5946639180183411,0.6429668664932251
53_202,0.6512528657913208,0.6718974113464355,0.5037719011306763
61_136,0.6471315622329712,0.6728743314743042,0.449659138917923
66_291,0.7156800031661987,0.7327722311019897,0.49494248628616333
60_225,0.7799512147903442,0.7658809423446655,0.33014190196990967
72_151,0.3517586886882782,0.4524509906768799,0.45000770688056946
77_23,0.862034797668457,0.7908337116241455,0.835091233253479
72_53,0.7089067101478577,0.7019417881965637,0.7908681631088257
59_176,0.8658724427223206,0.818335771560669,0.573005735874176
54_49,0.6998071670532227,0.6836578249931335,0.8789413571357727
78_237,0.7008069753646851,0.7052104473114014,0.6616597771644592
53_233,0.6633238792419434,0.6746355295181274,0.6839714050292969
63_362,0.6511220335960388,0.6667385697364807,0.6290323734283447
76_76,0.7132989168167114,0.6898022294044495,0.5559269189834595
57_294,0.6005758047103882,0.6162115335464478,0.7170982360839844
62_86,0.7238863706588745,0.7103466987609863,0.5306664109230042
71_71,0.64948970079422,0.6810630559921265,0.5160118937492371
78_217,0.5094037055969238,0.5468448400497437,0.5779924392700195
61_335,0.8909504413604736,0.8367890119552612,0.5379471778869629
59_47,0.5548223853111267,0.5819953680038452,0.5040785670280457
75_287,0.3017095923423767,0.3898013234138489,0.629461407661438
62_39,0.633233368396759,0.6484968066215515,0.6728975772857666
75_185,0.5909449458122253,0.5902730822563171,0.6944811344146729
79_128,0.823714017868042,0.7941328287124634,0.8580236434936523
76_191,0.7286912202835083,0.7419424653053284,0.8654531240463257
66_95,0.7093619704246521,0.7305852770805359,0.3383621275424957
71_220,0.735732913017273,0.7485889196395874,0.4866953492164612
66_44,0.7728778719902039,0.7477258443832397,0.6347865462303162
65_194,0.6756172180175781,0.6730504035949707,0.7966009974479675
54_366,0.6958923935890198,0.7075139880180359,0.7860809564590454
74_14,0.7573084831237793,0.7591019868850708,0.8399609923362732
80_4,0.6606028079986572,0.6719024777412415,0.6223565340042114
55_186,0.6163560748100281,0.6238481998443604,0.6949355602264404
71_159,0.6868896484375,0.6778079867362976,0.5450751185417175
57_99,0.5728227496147156,0.6130891442298889,0.6725776195526123
55_23,0.35949063301086426,0.4451836943626404,0.4430646300315857
61_345,0.6142548322677612,0.6489837169647217,0.5118275880813599
53_97,0.6987488269805908,0.6894769668579102,0.7951458692550659
66_96,0.5169574022293091,0.5797405242919922,0.6492197513580322
66_104,0.6987900733947754,0.6925967931747437,0.7390773296356201
66_247,0.5495448112487793,0.5907124280929565,0.5172765851020813
57_314,0.8108421564102173,0.7653113007545471,0.7271397113800049
75_132,0.6372177600860596,0.6774612069129944,0.7864072322845459
53_296,0.6884862184524536,0.6880717277526855,0.832827091217041
70_187,0.5286499857902527,0.545421838760376,0.7084749937057495
53_333,0.636547327041626,0.6469310522079468,0.36080411076545715
67_325,0.7008315920829773,0.7119081020355225,0.8185966610908508
79_59,0.659635603427887,0.6683794260025024,0.3435865342617035
66_277,0.8474335670471191,0.8121293783187866,0.3348265588283539
61_367,0.7457743883132935,0.7348647117614746,0.855212926864624
78_186,0.6682151556015015,0.671630859375,0.6561341285705566
59_280,0.633694052696228,0.6532304286956787,0.7409636974334717
72_58,0.712732195854187,0.7055371403694153,0.7452657222747803
66_220,0.8319084644317627,0.8020918965339661,0.8387149572372437
55_337,0.6204386353492737,0.6539146900177002,0.7590324878692627
80_247,0.7704989910125732,0.7523495554924011,0.8911592960357666
53_326,0.8420393466949463,0.7948803305625916,0.4208543002605438
60_73,0.8424538373947144,0.7956539988517761,0.5052070021629333
79_21,0.7823122143745422,0.7357033491134644,0.5066165328025818
56_114,0.6411232352256775,0.6683440804481506,0.47518470883369446
69_145,0.6687558889389038,0.6938871145248413,0.9018313884735107
72_122,0.6757943630218506,0.6899909973144531,0.611166775226593
54_154,0.5305731296539307,0.5972633361816406,0.7887365818023682
55_33,0.6829696297645569,0.6899144649505615,0.7295873165130615
68_243,0.44756609201431274,0.44771844148635864,0.5467665195465088
71_283,0.8177658915519714,0.7524622678756714,0.743686854839325
79_12,0.45899370312690735,0.5019935369491577,0.4793747663497925
54_420,0.6845067739486694,0.6994377970695496,0.5406163334846497
74_210,0.7464807033538818,0.7282463312149048,0.6475582122802734
57_109,0.6980562210083008,0.6992132067680359,0.807547390460968
62_290,0.6925088167190552,0.701691746711731,0.4994545876979828
59_28,0.6888309717178345,0.6795686483383179,0.7724077701568604
69_74,0.853790283203125,0.8068383932113647,0.8519846200942993
54_412,0.8066943883895874,0.766160786151886,0.5991387963294983
72_275,0.5361424088478088,0.5616921186447144,0.5720773935317993
71_252,0.7496374845504761,0.7238938808441162,0.7644047737121582
72_184,0.6245452165603638,0.6405317187309265,0.6358305811882019
72_72,0.6785030364990234,0.7040848731994629,0.742423415184021
59_300,0.8004810810089111,0.8049194812774658,0.2114221304655075
56_110,0.6868138313293457,0.7113304734230042,0.5399826169013977
75_207,0.5959326028823853,0.6238613724708557,0.6204397678375244
74_105,0.6865348815917969,0.6720143556594849,0.37970152497291565
53_184,0.7571860551834106,0.6946557760238647,0.5646049976348877
60_117,0.5725203156471252,0.5963181257247925,0.3111160695552826
68_283,0.7042750120162964,0.6934902667999268,0.09911108016967773
60_7,0.7855470180511475,0.7304295301437378,0.7887378931045532
64_46,0.6811835765838623,0.6766240000724792,0.7073178291320801
64_307,0.6957516670227051,0.6884226202964783,0.49538883566856384
60_169,0.5885624289512634,0.5829800367355347,0.533806562423706
56_143,0.5173178911209106,0.580092191696167,0.5927270650863647
57_273,0.8220982551574707,0.780902624130249,0.5753422379493713
64_144,0.7639127969741821,0.7383632659912109,0.41464170813560486
57_17,0.7922534942626953,0.7505821585655212,0.6660035252571106
65_121,0.6245217323303223,0.6349277496337891,0.5798966288566589
66_360,0.8032914400100708,0.7671939134597778,0.8593050241470337
77_217,0.5462256669998169,0.5333172082901001,0.5395596027374268
67_9,0.7639109492301941,0.7486670017242432,0.5025694370269775
53_169,0.8264119625091553,0.790810227394104,0.5090779066085815
64_142,0.7659135460853577,0.7268864512443542,0.8576111793518066
55_212,0.8306535482406616,0.7936684489250183,0.8787389397621155
56_257,0.5424839854240417,0.5824103355407715,0.7023854851722717
55_146,0.7243345975875854,0.7004743218421936,0.8448649644851685
77_204,0.6393905878067017,0.6781402826309204,0.4317800998687744
73_219,0.6183936595916748,0.6449421048164368,0.5305221676826477
53_168,0.8627654910087585,0.8449494242668152,0.24538801610469818
59_112,0.8204690217971802,0.8215488791465759,0.5251790285110474
72_101,0.47982680797576904,0.5642686486244202,0.6652705073356628
53_327,0.8387737274169922,0.7867838740348816,0.7242227792739868
65_122,0.7903639078140259,0.7499254941940308,0.7326948046684265
53_309,0.7591211199760437,0.7438653707504272,0.657418966293335
61_288,0.8075366020202637,0.7931427955627441,0.8959853649139404
62_147,0.6640642881393433,0.6953615546226501,0.6051549315452576
66_320,0.7628054618835449,0.7459774017333984,0.8398749232292175
62_245,0.5367891788482666,0.6080381870269775,0.6226425766944885
67_214,0.6713920831680298,0.6730602383613586,0.7109248638153076
72_24,0.628625750541687,0.6569687128067017,0.6301952600479126
55_248,0.7474954724311829,0.7179636359214783,0.6591598987579346
62_335,0.7565875053405762,0.7517341375350952,0.6697254180908203
61_81,0.6115249395370483,0.6529796719551086,0.7122632265090942
77_62,0.646726667881012,0.6577301025390625,0.7906823754310608
71_234,0.7232765555381775,0.728532075881958,0.4737091362476349
66_210,0.8473954200744629,0.8268370032310486,0.3190203607082367
53_259,0.6062511801719666,0.6323775053024292,0.669583797454834
71_291,0.6782286167144775,0.6686807870864868,0.6612672805786133
55_402,0.5745618939399719,0.6038832664489746,0.5631725788116455
73_359,0.8196067214012146,0.7716627717018127,0.7789106965065002
53_55,0.6532823443412781,0.6600426435470581,0.28945454955101013
53_38,0.703398585319519,0.6855634450912476,0.7368210554122925
63_39,0.8108741044998169,0.7994257211685181,0.279758483171463
74_203,0.7130155563354492,0.7546114921569824,0.6722245216369629
73_65,0.494754433631897,0.5662771463394165,0.330914705991745
61_204,0.5316073894500732,0.5514481067657471,0.5418895483016968
66_13,0.690519392490387,0.6974954605102539,0.6494432687759399
69_80,0.7996835112571716,0.7962301969528198,0.3122286796569824
53_349,0.6377056837081909,0.6458399295806885,0.70203697681427
62_350,0.6835922002792358,0.6546585559844971,0.8815649747848511
76_224,0.794182300567627,0.7277467250823975,0.7570276260375977
57_157,0.7445118427276611,0.707356333732605,0.5739091634750366
80_299,0.6642208099365234,0.6406103372573853,0.41149041056632996
59_170,0.6993039846420288,0.6688399314880371,0.6825167536735535
53_338,0.6447750329971313,0.6578779816627502,0.9064903259277344
60_50,0.7899660468101501,0.7564936876296997,0.24984422326087952
71_90,0.7293131947517395,0.7126116156578064,0.6330134272575378
65_314,0.738744854927063,0.7267040014266968,0.56697678565979
62_296,0.5759445428848267,0.6200156211853027,0.5458690524101257
80_232,0.7359282374382019,0.7370700836181641,0.7457901239395142
76_41,0.8286503553390503,0.8023189306259155,0.47837239503860474
62_144,0.6460660696029663,0.6345686316490173,0.5309864282608032
75_177,0.517534613609314,0.5726824998855591,0.5371484160423279
75_350,0.6841522455215454,0.679069995880127,0.7489626407623291
59_197,0.6938368082046509,0.6869673728942871,0.5658773183822632
65_157,0.4200119078159332,0.5071330666542053,0.3897862136363983
53_193,0.6690583229064941,0.6764711141586304,0.5570477247238159
53_148,0.6697802543640137,0.6717572212219238,0.40206378698349
55_325,0.72919762134552,0.7071250677108765,0.5664288997650146
77_301,0.5561617612838745,0.5892499685287476,0.6909645795822144
69_54,0.6968833208084106,0.6993080377578735,0.801729679107666
73_208,0.6804375648498535,0.6688313484191895,0.7115211486816406
68_335,0.8403311371803284,0.8192228078842163,0.7154915928840637
72_66,0.6006810069084167,0.5879131555557251,0.5487914085388184
63_333,0.7530081272125244,0.733410120010376,0.8289769887924194
62_23,0.7943581342697144,0.752021312713623,0.8265612125396729
68_173,0.8804941177368164,0.7959731817245483,0.9083650708198547
78_5,0.6266472339630127,0.6806216239929199,0.6996761560440063
54_249,0.6746174097061157,0.6933130025863647,0.7660223245620728
55_203,0.7252936363220215,0.7060709595680237,0.683082103729248
75_192,0.6491070985794067,0.679032564163208,0.6897488832473755
78_125,0.5244688391685486,0.5499775409698486,0.43351277709007263
77_56,0.7916606068611145,0.7290931940078735,0.5628254413604736
53_129,0.5439901947975159,0.581446647644043,0.3817876875400543
55_377,0.7439910173416138,0.7308740615844727,0.7771669626235962
74_224,0.7972580194473267,0.7946102619171143,0.7957537174224854
67_336,0.6679260730743408,0.6517795920372009,0.7524019479751587
74_70,0.7755548357963562,0.7465867400169373,0.7747694253921509
67_141,0.7161559462547302,0.6904906630516052,0.6795832514762878
79_349,0.6784428358078003,0.6708846092224121,0.7398780584335327
58_184,0.8281604051589966,0.7924773693084717,0.766661524772644
69_144,0.5974619388580322,0.6285762786865234,0.7368103265762329
72_123,0.7443842887878418,0.7448879480361938,0.7913629412651062
54_11,0.7487258911132812,0.7387657165527344,0.7642127275466919
74_200,0.6082251071929932,0.628049373626709,0.8098981380462646
62_28,0.66703200340271,0.6568164229393005,0.5987194180488586
72_205,0.7104148864746094,0.7068101167678833,0.5334081649780273
59_119,0.7707006931304932,0.744709849357605,0.5884291529655457
56_262,0.6699738502502441,0.6945890784263611,0.7044390439987183
58_118,0.7631196975708008,0.7231937646865845,0.749369204044342
55_218,0.6816389560699463,0.6656630039215088,0.6171890497207642
63_41,0.45831453800201416,0.5243207216262817,0.5882828235626221
68_230,0.8559920787811279,0.79680997133255,0.8154033422470093
59_184,0.7732060551643372,0.7311314940452576,0.9105311632156372
53_358,0.53691166639328,0.5845289826393127,0.3937767744064331
61_139,0.6632893085479736,0.6486347913742065,0.4387372136116028
67_63,0.7576586008071899,0.7230713367462158,0.8283407688140869
62_359,0.9286777973175049,0.874184250831604,0.4665318429470062
54_84,0.5111291408538818,0.5838526487350464,0.3861859142780304
75_297,0.6180582642555237,0.6088021397590637,0.5606392025947571
66_280,0.7015246152877808,0.7209442853927612,0.48139461874961853
63_240,0.6400743722915649,0.6042037606239319,0.7336950898170471
53_263,0.6926898956298828,0.6676197052001953,0.5815657377243042
68_233,0.6583811044692993,0.6520859003067017,0.27892962098121643
53_424,0.7397974133491516,0.706833004951477,0.49341312050819397
72_89,0.8067778944969177,0.7980307936668396,0.5307720899581909
75_122,0.5872920751571655,0.654654860496521,0.9173800945281982
56_196,0.8592566251754761,0.8032850623130798,0.5512581467628479
54_351,0.6198314428329468,0.6360060572624207,0.7199052572250366
77_174,0.7661735415458679,0.7236504554748535,0.5469014644622803
57_179,0.5464534759521484,0.5688165426254272,0.582932710647583
56_33,0.6513921022415161,0.662246584892273,0.7232875227928162
62_254,0.7702009677886963,0.7470217347145081,0.4325024485588074
79_47,0.7098385095596313,0.6992907524108887,0.5209864377975464
60_332,0.562251091003418,0.5908791422843933,0.5632390975952148
55_163,0.6456799507141113,0.6619910001754761,0.7101535797119141
55_10,0.5817595720291138,0.6068531274795532,0.7327704429626465
53_126,0.6488826870918274,0.6043475866317749,0.44942423701286316
64_280,0.648288369178772,0.681165337562561,0.8061924576759338
77_6,0.6210049390792847,0.659904420375824,0.6560667157173157
71_34,0.8545213937759399,0.7855986952781677,0.8121205568313599
61_178,0.8175574541091919,0.7760677337646484,0.5128263235092163
76_234,0.8405120968818665,0.798582136631012,0.5495830774307251
53_144,0.7062704563140869,0.6938349008560181,0.5855290293693542
79_137,0.7435702085494995,0.7191433906555176,0.7418115735054016
75_266,0.7008153796195984,0.7100403904914856,0.7720128297805786
79_123,0.709068775177002,0.7201029658317566,0.6937345266342163
66_114,0.6615667939186096,0.6922115087509155,0.360599547624588
61_229,0.6678115129470825,0.648617148399353,0.647765576839447
68_113,0.6198506355285645,0.6360155344009399,0.717704176902771
60_229,0.7810710668563843,0.7588241100311279,0.5831457376480103
78_124,0.7206501960754395,0.7320114970207214,0.6891140937805176
77_160,0.6421257257461548,0.6460443139076233,0.5281445980072021
61_105,0.6382015347480774,0.6650139689445496,0.6154471635818481
68_345,0.805158793926239,0.7980592846870422,0.9668552279472351
79_261,0.8329410552978516,0.768373966217041,0.7240632176399231
56_373,0.7061045169830322,0.7337449789047241,0.8614580631256104
69_315,0.7996342778205872,0.7773751616477966,0.5526755452156067
75_66,0.674622118473053,0.6747180223464966,0.4251803755760193
53_352,0.7140947580337524,0.705686092376709,0.7696280479431152
63_55,0.6598577499389648,0.712403416633606,0.44780340790748596
64_83,0.6818534135818481,0.6723922491073608,0.31124749779701233
77_82,0.842946469783783,0.7848720550537109,0.6615676879882812
57_53,0.6558812260627747,0.6952512264251709,0.24470816552639008
65_214,0.6271305084228516,0.6465859413146973,0.5904433727264404
70_69,0.7645012736320496,0.7633216381072998,0.7033880949020386
74_78,0.7263052463531494,0.7239624857902527,0.4169105291366577
63_181,0.6674373149871826,0.6795774698257446,0.6974120140075684
68_204,0.7358689308166504,0.7294505834579468,0.773537278175354
71_281,0.8357092142105103,0.7633377313613892,0.6255815029144287
62_20,0.7862968444824219,0.759559690952301,0.823608934879303
63_283,0.7554041147232056,0.737580418586731,0.5916496515274048
78_38,0.5337036848068237,0.5935671329498291,0.7017606496810913
76_192,0.7204111814498901,0.7120876312255859,0.9505903720855713
65_247,0.7850250601768494,0.7638547420501709,0.7818741798400879
75_295,0.677508533000946,0.6537972092628479,0.43760237097740173
54_234,0.7658097743988037,0.7319231629371643,0.22122745215892792
56_8,0.5149825811386108,0.592267632484436,0.7690811157226562
75_32,0.6161319017410278,0.634723424911499,0.6380743980407715
54_179,0.9275944828987122,0.8921794891357422,0.2489500194787979
72_159,0.532752275466919,0.5834728479385376,0.6227813959121704
54_255,0.7256790995597839,0.7113338112831116,0.7594265341758728
72_298,0.635282039642334,0.6269539594650269,0.6443353891372681
67_256,0.6900402307510376,0.7013537883758545,0.6719765663146973
79_269,0.6976288557052612,0.6830049753189087,0.8435322046279907
64_203,0.5998934507369995,0.6355514526367188,0.49926623702049255
57_272,0.7055578231811523,0.7164333462715149,0.5809043049812317
55_109,0.7047948837280273,0.6859420537948608,0.5258568525314331
80_222,0.7669575214385986,0.7736955881118774,0.650560200214386
53_77,0.6625745296478271,0.6834958791732788,0.44330474734306335
69_380,0.6876626014709473,0.6877365112304688,0.7671195268630981
68_318,0.8483861684799194,0.8192206621170044,0.49005499482154846
69_331,0.6512397527694702,0.697433352470398,0.5241591334342957
60_122,0.6739615797996521,0.6745902895927429,0.448737233877182
77_16,0.6311837434768677,0.6701626777648926,0.5212587118148804
74_75,0.673175036907196,0.648388147354126,0.3846698999404907
64_66,0.6800873875617981,0.7230434417724609,0.8759865760803223
80_323,0.6629338264465332,0.6628120541572571,0.3710809648036957
78_119,0.6351227760314941,0.6580177545547485,0.6935690641403198
80_2,0.6481444239616394,0.6675737500190735,0.8420335650444031
74_121,0.7354936599731445,0.7119303941726685,0.5421934127807617
72_272,0.7479321956634521,0.7398360371589661,0.5346091985702515
54_102,0.5470237731933594,0.5986145734786987,0.5643461346626282
70_346,0.5933310389518738,0.625633716583252,0.6323347091674805
60_166,0.6845216155052185,0.6545275449752808,0.5931555032730103
77_97,0.5926263332366943,0.5902343392372131,0.6483285427093506
76_220,0.7814865112304688,0.7444320917129517,0.6792833209037781
62_176,0.6178725957870483,0.669780969619751,0.8379136919975281
80_313,0.41702407598495483,0.4689514636993408,0.45557793974876404
61_174,0.6480613946914673,0.6850184202194214,0.5673555731773376
59_5,0.7945214509963989,0.7714071273803711,0.7598788738250732
78_43,0.5617474317550659,0.5983380079269409,0.6554951667785645
57_44,0.7087995409965515,0.6908844113349915,0.5226445198059082
56_249,0.7185376882553101,0.7285593748092651,0.7239477038383484
76_249,0.7263895273208618,0.7345153093338013,0.8466161489486694
53_215,0.5812060832977295,0.616567075252533,0.553426206111908
80_32,0.624091625213623,0.6322600841522217,0.5925502777099609
77_358,0.6853379011154175,0.7104825973510742,0.4141850173473358
61_147,0.7109618186950684,0.6992336511611938,0.6302332878112793
63_360,0.7699326276779175,0.7918907403945923,0.6224385499954224
76_295,0.6686948537826538,0.6763375401496887,0.8118289709091187
69_50,0.700130045413971,0.6882052421569824,0.7045120596885681
80_134,0.7138737440109253,0.7072864770889282,0.6130560636520386
69_111,0.8773291110992432,0.8090196847915649,0.4326607882976532
79_302,0.5278818607330322,0.5680965185165405,0.6452873349189758
58_199,0.7408612966537476,0.7352690696716309,0.7490857839584351
79_290,0.626082181930542,0.6477649807929993,0.3297499418258667
65_109,0.7074120044708252,0.7229501008987427,0.37804850935935974
78_266,0.6658589839935303,0.6701359748840332,0.7205238342285156
72_116,0.6292136907577515,0.6679005026817322,0.7831170558929443
67_178,0.8743860721588135,0.8080870509147644,0.4815390706062317
58_72,0.8357781171798706,0.826392412185669,0.3266921937465668
80_330,0.755703330039978,0.7727192044258118,0.7420979142189026
70_82,0.6829289197921753,0.6611281633377075,0.5981162786483765
77_211,0.7343712449073792,0.731011152267456,0.7454566359519958
74_64,0.6076111793518066,0.6178394556045532,0.5599216222763062
77_201,0.8223646879196167,0.7673330903053284,0.3469240963459015
76_298,0.7713852524757385,0.7491827011108398,0.48971453309059143
69_147,0.6584885716438293,0.6808602213859558,0.7219265699386597
68_123,0.7237852215766907,0.7300096750259399,0.7668932676315308
63_74,0.7081345915794373,0.7223736047744751,0.5948559641838074
62_136,0.698965311050415,0.6768435835838318,0.5787817239761353
65_262,0.596598207950592,0.6380826234817505,0.8130438327789307
64_333,0.6252813935279846,0.6656118631362915,0.4757385551929474
73_199,0.8426265716552734,0.7535812854766846,0.4106307327747345
76_59,0.6586992740631104,0.683123767375946,0.5916898846626282
65_373,0.6332556009292603,0.6725078225135803,0.7483293414115906
61_45,0.7943387031555176,0.767198920249939,0.7577366232872009
65_325,0.7369517087936401,0.7150106430053711,0.6154390573501587
80_297,0.7620651721954346,0.7079803943634033,0.632874071598053
63_238,0.7895806431770325,0.7619307637214661,0.8405288457870483
55_14,0.6155518293380737,0.6168640851974487,0.5242103934288025
73_93,0.7539991140365601,0.7335459589958191,0.7346475720405579
78_276,0.758851170539856,0.7736324071884155,0.605682909488678
56_225,0.701202929019928,0.7165664434432983,0.7297778725624084
78_114,0.7471346855163574,0.727325439453125,0.6484107971191406
65_20,0.7353507876396179,0.7626707553863525,0.4621754288673401
55_310,0.5676956176757812,0.6142421960830688,0.5589671730995178
69_130,0.7439523935317993,0.7262163162231445,0.6872125864028931
75_11,0.733128547668457,0.7409865856170654,0.8767443895339966
71_51,0.579378068447113,0.6064627766609192,0.615047812461853
61_283,0.817548930644989,0.7804709672927856,0.8457772731781006
55_191,0.7029033899307251,0.6979784965515137,0.7009382247924805
73_241,0.6813490986824036,0.6701499223709106,0.7425931692123413
77_111,0.8264157772064209,0.8124920129776001,0.4107414186000824
61_92,0.8271576166152954,0.7936049699783325,0.7484018802642822
63_329,0.5568176507949829,0.570836067199707,0.7035298347473145
71_274,0.7722628116607666,0.7852985858917236,0.9225553870201111
76_199,0.6469858884811401,0.6582770347595215,0.78821861743927
74_129,0.7445919513702393,0.7352695465087891,0.7845211029052734
53_183,0.7814422845840454,0.7586007118225098,0.4876178205013275
69_393,0.8170031309127808,0.772771954536438,0.815758228302002
79_43,0.7781040668487549,0.7442745566368103,0.7967381477355957
62_347,0.5956857800483704,0.6430850028991699,0.47094041109085083
59_232,0.7054670453071594,0.7056131958961487,0.6202369332313538
70_218,0.7467526197433472,0.712113618850708,0.6962491273880005
75_271,0.7378143072128296,0.7298257350921631,0.7532986402511597
66_127,0.8082622289657593,0.7603160738945007,0.6600660681724548
69_175,0.610732913017273,0.6248054504394531,0.5189148187637329
68_49,0.80082106590271,0.801252007484436,0.5221584439277649
66_40,0.7274603247642517,0.7392195463180542,0.3990453779697418
74_311,0.7956393957138062,0.7800955772399902,0.8278765082359314
67_100,0.6471809148788452,0.6797797679901123,0.4717543125152588
70_138,0.6772493720054626,0.7203514575958252,0.8040924668312073
64_290,0.5976011753082275,0.6089922785758972,0.49465832114219666
58_83,0.6251795291900635,0.6549708843231201,0.3151859939098358
57_265,0.596785306930542,0.6122258901596069,0.6131658554077148
57_39,0.7568498849868774,0.7321227788925171,0.7787554264068604
78_39,0.6551768183708191,0.6751728057861328,0.4366932213306427
78_152,0.6933598518371582,0.6800077557563782,0.5993751287460327
59_205,0.6936937570571899,0.6702867746353149,0.7604450583457947
68_321,0.7410569190979004,0.7226383686065674,0.7135213613510132
65_66,0.7537232637405396,0.7435929775238037,0.7834377288818359
62_78,0.7592679262161255,0.7352677583694458,0.582621693611145
80_176,0.6868085265159607,0.6946888566017151,0.7129851579666138
74_185,0.640857458114624,0.6445990800857544,0.5075054168701172
77_73,0.7000395655632019,0.6856711506843567,0.6114357113838196
65_368,0.8193033337593079,0.759094774723053,0.7916655540466309
78_97,0.7344703674316406,0.709177553653717,0.3534822463989258
73_28,0.664309024810791,0.6582069993019104,0.6290648579597473
77_141,0.6862490773200989,0.7056018114089966,0.8238458633422852
62_284,0.8060619831085205,0.7836616039276123,0.610020101070404
77_209,0.6837165951728821,0.6762062311172485,0.4953966736793518
79_51,0.7603396773338318,0.7312121987342834,0.6990159749984741
61_319,0.49939531087875366,0.4959300756454468,0.45461782813072205
74_179,0.6805145144462585,0.691948652267456,0.7972766757011414
57_329,0.7372051477432251,0.7003623247146606,0.758225679397583
64_177,0.6840653419494629,0.7017006278038025,0.15335147082805634
74_250,0.7815378904342651,0.7756301760673523,0.4968430697917938
77_128,0.6443815231323242,0.6682062149047852,0.9616435766220093
79_259,0.622244119644165,0.6171325445175171,0.40674516558647156
64_373,0.7512460947036743,0.7232200503349304,0.821387529373169
69_320,0.7107748985290527,0.7006774544715881,0.8247315287590027
59_90,0.7155265808105469,0.7250351905822754,0.5859320163726807
71_226,0.6354360580444336,0.6874672174453735,0.8767637014389038
59_48,0.565643846988678,0.5956648588180542,0.605831503868103
78_286,0.6913044452667236,0.6942124366760254,0.621957004070282
80_48,0.6259248852729797,0.6620941758155823,0.7790964841842651
76_225,0.6709684133529663,0.678433358669281,0.7010611295700073
61_14,0.6011764407157898,0.620317280292511,0.5694810152053833
54_79,0.639039158821106,0.6623934507369995,0.7937309741973877
71_73,0.7010836601257324,0.7307130098342896,0.6647312641143799
65_103,0.7049447298049927,0.6874210238456726,0.722930908203125
77_130,0.82695472240448,0.7981674671173096,0.7049456834793091
68_267,0.6842470765113831,0.7089225649833679,0.885980486869812
63_301,0.7550811767578125,0.7541747093200684,0.5216898918151855
60_8,0.6360762119293213,0.6716457009315491,0.6007408499717712
64_34,0.6557325720787048,0.6438164710998535,0.4947640001773834
63_30,0.8319447636604309,0.7835410237312317,0.6649741530418396
73_42,0.7769980430603027,0.7486335039138794,0.7216411828994751
77_252,0.7376724481582642,0.6916277408599854,0.6640117764472961
65_307,0.5339686274528503,0.5722401738166809,0.4083658754825592
75_331,0.7846320867538452,0.744587779045105,0.49156180024147034
62_203,0.5709595680236816,0.5919107794761658,0.6161967515945435
57_343,0.622463583946228,0.6388596296310425,0.6405996084213257
78_113,0.845492959022522,0.8006391525268555,0.6652301549911499
71_121,0.7684312462806702,0.7752100229263306,0.801114022731781
78_146,0.73732990026474,0.7126370072364807,0.8813712000846863
77_120,0.804641604423523,0.7619644403457642,0.43094488978385925
54_213,0.6431137919425964,0.6681830883026123,0.6462783217430115
80_44,0.669325053691864,0.6618183851242065,0.5375097990036011
76_5,0.6425094604492188,0.6563968658447266,0.6992233395576477
66_158,0.7626508474349976,0.7385327816009521,0.682968258857727
67_207,0.7037286758422852,0.6950511932373047,0.8347008228302002
76_136,0.7496581077575684,0.7664274573326111,0.9810187220573425
77_284,0.5617331862449646,0.555392861366272,0.5873913764953613
61_357,0.6284253597259521,0.6443115472793579,0.659761369228363
79_297,0.7353141903877258,0.7337805032730103,0.4171645939350128
64_136,0.7005411982536316,0.66242915391922,0.5420807600021362
73_86,0.7086668014526367,0.7006779909133911,0.7353575229644775
77_341,0.765878438949585,0.7287046909332275,0.6417322754859924
77_66,0.825106143951416,0.780116617679596,0.7386327981948853
54_155,0.5671220421791077,0.5983893275260925,0.6945043206214905
78_226,0.7413419485092163,0.7273977398872375,0.6930060386657715
76_44,0.6709764003753662,0.6652480363845825,0.5675302743911743
66_386,0.7713103294372559,0.7449753880500793,0.6263263821601868
63_143,0.7093472480773926,0.7022179365158081,0.9067962169647217
78_118,0.6998118758201599,0.6935006976127625,0.7108234167098999
72_263,0.6808885931968689,0.6892427802085876,0.7998413443565369
77_19,0.7103093862533569,0.6628721356391907,0.7414395809173584
58_107,0.7302173376083374,0.7584937810897827,0.6634994149208069
58_269,0.6019049286842346,0.6262344717979431,0.6087242960929871
54_289,0.5362015962600708,0.5808242559432983,0.5238432288169861
80_22,0.5905435681343079,0.6277148723602295,0.7053474187850952
72_9,0.6473242044448853,0.6622689962387085,0.5527870655059814
54_22,0.6572514772415161,0.6591281890869141,0.675758957862854
78_136,0.6960386633872986,0.69243323802948,0.7331459522247314
67_349,0.6171039342880249,0.659730851650238,0.8686971664428711
66_136,0.7589723467826843,0.7291429042816162,0.7636150121688843
74_312,0.6072627305984497,0.6053466796875,0.6275546550750732
61_110,0.8180316686630249,0.7627346515655518,0.7507651448249817
61_12,0.6602789163589478,0.6684198379516602,0.8020844459533691
60_337,0.4624723196029663,0.5363494157791138,0.37362703680992126
67_137,0.739745557308197,0.748869776725769,0.3825843036174774
71_94,0.7169482707977295,0.6907215714454651,0.5845613479614258
65_36,0.8929665088653564,0.8432216644287109,0.5500952005386353
