major_fit_fine,minor_fit_fine,wholetone_fit_fine,majorness_fine,tonal_clarity_fine,id
0.35990031479439355,0.45855880381904734,0.07608834125136776,-0.0986584890246538,0.046371855893218905,1_60
0.46120044158127105,0.32514014153504145,0.1192898977980919,0.1360603000462296,0.07699626039032059,1_70
0.5174328603568749,0.47205237582861437,0.05349162645222402,0.04538048452826049,0.08331148799376131,1_80
0.298263971327167,0.46544410494480826,0.026211670389889224,-0.16718013361764128,0.03846358824279161,1_90
0.300378051347887,0.4478202100698901,0.07433571702088954,-0.1474421587220031,0.02090328922464879,1_105
0.4494101276929661,0.508338276206291,0.10622533735385949,-0.058928148513324896,0.09408423701951096,1_162
0.2618218554399956,0.3167008176748018,0.05393203790955653,-0.054878962234806206,0.036477951575018874,1_175
0.319486935372945,0.4673018453170504,0.11866420656049502,-0.1478149099441054,0.036933101069444696,1_182
0.22112680966545364,0.4181579521718179,0.17127601976695428,-0.19703114250636425,0.008156253317815443,1_213
0.3418240422632376,0.3930933162371747,0.03284088009168867,-0.0512692739739371,0.10082795026424607,1_276
0.34718246589776947,0.46661990715962887,0.1197044452378448,-0.1194374412618594,0.012575683243147395,1_340
0.2186116913250152,0.3995252658945584,0.12388211655754233,-0.18091357456954318,0.01796701814734969,1_410
0.32331227149459796,0.36639257340793313,0.2300589032420841,-0.04308030191333517,0.006194671282218178,1_427
0.6625578425131443,0.44237779104001285,0.13986348956075245,0.22018005147313147,0.03002428362374221,1_430
0.549425167085215,0.4808073396631789,0.05800736831117042,0.06861782742203615,0.015805816401275985,1_467
0.5012043875959513,0.4835740927363817,0.02255331187491262,0.01763029485956963,0.02865425596046678,1_506
0.24253443103805403,0.36538375042061855,0.1141160025861377,-0.12284931938256452,0.015574903092908543,1_507
0.5501559671191938,0.6330774275885601,0.11558446728632568,-0.08292146046936633,0.040900259620214596,1_533
0.30278424524003344,0.5080892556642923,0.052574510175670615,-0.20530501042425886,0.05693427316231259,1_536
0.5863869991661931,0.45433830040453876,0.020685912267342694,0.13204869876165432,0.025120591411089355,1_537
0.24287430104086083,0.3493896593913875,0.07295103531670265,-0.10651535835052667,0.07107822447024215,1_672
0.3932280970443574,0.6435684913500919,0.05011214395927133,-0.25034039430573446,0.04358390815191915,1_971
0.6217902901249059,0.625406342925118,0.11449529317112504,-0.003616052800212044,0.03470090364823286,1_1001
0.28249435578638266,0.5349161676573572,0.0754436112515041,-0.2524218118709745,0.0068697348464753505,1_1003
0.35649870134842976,0.5685799581373427,0.08157630601852296,-0.212081256788913,0.02113767563837765,1_1144
0.16866606015455182,0.3837647779507403,0.012204970604742894,-0.2150987177961885,0.07225399528884957,1_1180
0.19895886121617815,0.4293033084929211,0.09287378998693739,-0.23034444727674294,0.05312381875562888,1_1185
0.4966558646723108,0.4537233064742125,0.04761842907914848,0.042932558198098325,0.03624977096860138,1_1189
0.1420341034414498,0.32411394930562604,0.06902346827812753,-0.18207984586417625,0.04872954683407693,1_1262
0.6357557699074557,0.5086659620578184,0.012184888259337666,0.1270898078496373,0.020259226081496884,1_1296
0.3060216654252179,0.4331360354564108,0.04633539573325838,-0.12711437003119286,0.048255762105015365,1_1466
0.5814110884074368,0.5505742190591176,0.10092920341286415,0.030836869348319196,0.057199854407079864,1_1470
0.39958307759322376,0.40055430681409754,0.06713762574660086,-0.0009712292208737816,0.03671261656271185,1_1478
0.23471847178360775,0.4317649889805223,0.07053566521183441,-0.19704651719691454,0.01413715165501439,1_1484
0.5307897405032505,0.5794533672988934,0.046020421590074426,-0.048663626795642956,0.03152641420898583,1_1549
0.36135543711258633,0.5396156442980942,0.069350049203916,-0.17826020718550784,0.07113951998627299,1_1560
0.41241872959978576,0.48902962779656767,0.027505662566548236,-0.0766108981967819,0.03665035787999893,1_1627
0.3005224415705541,0.4618782518682335,0.03993360942592365,-0.16135581029767943,0.08347300227576215,1_1638
0.2875861137494503,0.40312604868085744,0.038630628768123426,-0.11553993493140713,0.07505285834186248,1_1666
0.2836321201957675,0.4969088484445795,0.07831722310755823,-0.213276728248812,0.05862224153181317,1_1678
0.2978325695110616,0.3656625635457621,0.0769763548750682,-0.06782999403470052,0.1088645516727369,1_1722
0.4282692810889458,0.5419317921880418,0.02222519758601838,-0.11366251109909598,0.046492176566901855,1_1732
0.2965605213917551,0.37339055407465593,0.08499900089777683,-0.07683003268290084,0.029711844363391693,1_1772
0.2991287043807118,0.533360309296535,0.013638848340944476,-0.23423160491582318,0.04941247857901032,1_1798
0.3720238771886915,0.48681910450533844,0.028531687770255304,-0.11479522731664693,0.03137852411333575,1_1803
0.3546724178793155,0.47919759754040725,0.03824751286163259,-0.12452517966109172,0.0619756936494017,1_1931
0.195823344645529,0.42600797775823296,0.12019019740103173,-0.23018463311270396,0.02120055004402266,1_1973
0.6379968949982606,0.5306044243603676,0.09391048792271578,0.10739247063789303,0.040027032700344245,1_1987
0.509458516809331,0.700111978389238,0.06719224235654493,-0.19065346157990704,0.017157520041136798,1_2075
0.23204683838399212,0.347644161766803,0.04394463840172492,-0.1155973233828109,0.14822474616335024,1_2119
0.2288379612640205,0.3679522577220598,0.03881342831755311,-0.1391142964580393,0.03377652488709615,1_2198
0.30297861595582576,0.5541472186571799,0.11921765151784794,-0.2511686027013541,0.007193730913680807,1_2216
0.37942587027667785,0.5481036935432361,0.034927849069076436,-0.16867782326655822,0.0447641259896443,1_2354
0.32463533673219863,0.5404135983545868,0.01730710526996262,-0.21577826162238817,0.04052850854001766,1_2361
0.37402453795175467,0.544808091309807,0.09758759403087298,-0.17078355335805234,0.06435161170760872,1_2420
0.27601302928024074,0.4909687361789776,0.10517149994081179,-0.2149557068987369,0.07348052055693566,1_2423
0.39123554798986376,0.490907275492699,0.06348085443744711,-0.09967172750283526,0.15295238497953645,1_2464
0.38166991588616045,0.45341984245631445,0.17457462328431744,-0.071749926570154,0.009383202716817474,1_2575
0.3592190150234221,0.5089832738481933,0.07145738317774185,-0.14976425882477123,0.04129151302601908,1_2580
0.5933448381042112,0.41601785178536776,0.015306790910721664,0.17732698631884347,0.037818299693187285,1_2614
0.4078088719135922,0.4475301287119243,0.007826607714815519,-0.039721256798332105,0.025963184886084956,1_2616
0.36496836184609105,0.4213153821432362,0.09298367962167635,-0.05634702029714517,0.011102494618566827,1_2664
0.2922962387973388,0.42202645772042763,0.010540354898585805,-0.12973021892308884,0.053571185035254154,1_2669
0.3345064341557843,0.3655187395722513,0.24100062174891326,-0.03101230541646699,0.015521498401435019,1_2778
0.5543607750718051,0.5375344304188274,0.15542498016019982,0.01682634465297772,0.016370897628683823,1_2792
0.18697205526994912,0.32799229067691715,0.10749583588086353,-0.14102023540696804,0.03745800191832038,1_2797
0.5425758031065131,0.7555678990501848,0.14477411673409116,-0.21299209594367174,0.011702235030716657,1_2819
0.49116281354305036,0.5051414991210349,0.07709075352093847,-0.01397868557798454,0.04123155733157802,1_2830
0.3731589300937194,0.3460103182717309,0.047616107380203505,0.027148611821988522,0.1304602057811255,1_2837
0.5361020980448492,0.45406723003337246,0.03382292270498535,0.08203486801147675,0.05898158096674022,1_2842
0.3802603911137757,0.475812940456005,0.024984248169824107,-0.09555254934222929,0.08861246449573645,1_2853
0.3885288776353535,0.6879702419998026,0.045772006661435494,-0.2994413643644491,0.05234626190938074,1_3064
0.48013804307654195,0.6365303313603948,0.09403251562547832,-0.15639228828385288,0.025653820292467544,1_3069
0.5508090274030876,0.4790784811564874,0.08190668573444515,0.07173054624660019,0.01324097933489643,1_3125
0.17206487431545597,0.3586865838550127,0.05612462724589496,-0.1866217095395567,0.019218017051396474,1_3177
0.2554553374453314,0.4298556299681892,0.06898395765341479,-0.17440029252285782,0.07100933764639106,1_3204
0.18395388475309613,0.3380552546168883,0.07986361571398792,-0.15410136986379216,0.06004781533367154,1_3256
0.316664385687163,0.49640827102834884,0.1295513063633143,-0.17974388534118585,0.03708328553699625,1_3259
0.6290981003376659,0.4637748756740105,0.213418360993476,0.1653232246636554,0.007176013897387645,1_3287
0.19961396870361384,0.356524172165254,0.029182760645355806,-0.15691020346164017,0.13674850020817408,1_3293
0.39428528681103475,0.516761699412965,0.0741878349600734,-0.12247641260193026,0.06511460400552704,1_3333
0.37550499226205425,0.36238675085631566,0.09205112447820021,0.013118241405738584,0.03826169933857859,1_3348
0.4166566877850702,0.5910868319713135,0.023367741999139185,-0.1744301441862433,0.04380212647901738,1_3371
0.5946017900098567,0.6166063007579103,0.1339014374606247,-0.02200451074805365,0.0306527622496946,1_3419
0.38768376408078725,0.5351512968958332,0.047766237507007994,-0.14746753281504593,0.0488618764582347,1_3476
0.3667876589506656,0.41396004660281643,0.05274331462769633,-0.047172387652150816,0.057100876166009784,1_3545
0.38177605746765636,0.4070525477106276,0.013687723814668162,-0.02527649024297124,0.05801975886704658,1_3573
0.35135812722581844,0.72117304365463,0.2232479472352018,-0.36981491642881154,0.01324905459496506,1_3599
0.5184982321506798,0.7268396456465039,0.035477154263481,-0.20834141349582413,0.0504374513222009,1_3649
0.525148420243982,0.6279816599732732,0.10717007635563586,-0.10283323972929115,0.016368347843650266,1_3660
0.3427098480346965,0.5724106818642979,0.058926286834954635,-0.22970083382960138,0.0492815862847692,1_3707
0.3717749691513219,0.40656620686548345,0.02496345151009194,-0.03479123771416154,0.10104369605712982,1_3766
0.26365689176223545,0.42373190811366773,0.07557865826875218,-0.1600750163514323,0.01319274607325871,1_3837
0.1666025018206109,0.4275939229994727,0.020363962162197796,-0.26099142117886176,0.035346224863909925,1_3840
0.5363987895608334,0.5624724643509006,0.1290575504774855,-0.02607367479006717,0.01838095484157687,1_3842
0.5657806750337748,0.46324514937000044,0.1587249252369695,0.10253552566377439,0.015493356868936714,1_3911
0.29606661258296074,0.4985979224823376,0.03103622645437835,-0.20253130989937684,0.08556069081263218,1_4031
0.3010303160745388,0.3767932676743652,0.10564982399506456,-0.07576295159982643,0.07592671555586761,1_4145
0.4571336720853817,0.35966744331552064,0.15534908964127125,0.09746622876986105,0.04039594265759716,1_4281
0.2925455437404768,0.5795424734116359,0.05854825185012768,-0.2869969296711591,0.016148193799557564,1_4286
0.5965582218530657,0.48686473001773006,0.22602959087933247,0.10969349183533567,0.00763440378423208,1_4290
0.47491044819694594,0.5561419835857527,0.04053227754057465,-0.08123153538880679,0.056097511996605065,1_4352
0.5191811093318098,0.414435728120581,0.05328088282056065,0.10474538121122884,0.02776738388045763,1_4477
0.30634989265507134,0.4398416415764684,0.052649073112849144,-0.13349174892139704,0.027742883169631916,1_4544
0.4860168637026461,0.5193279549049431,0.036569438276504315,-0.03331109120229703,0.01323484726281432,1_4552
0.5090907808907357,0.554409122853206,0.22627632764933994,-0.04531834196247031,0.0032736873752323703,1_4576
0.17563659374923024,0.3975885355030987,0.0746869063281826,-0.22195194175386845,0.042414554555844974,1_4603
0.35494258827704583,0.4414868235136124,0.1776104156370506,-0.08654423523656657,0.01229624269790286,1_4639
0.26150721582582975,0.4452653687796154,0.01608656739610014,-0.18375815295378567,0.046433578227864536,1_4743
0.5253709474259362,0.5421527381304081,0.1880830920890146,-0.016781790704471944,0.005077923806413365,1_4760
0.39683983082097696,0.4852548440450981,0.6303567715079503,-0.08841501322412115,0.0024746401574659016,1_4789
0.24399395770005575,0.30289196193560036,0.09173366397575325,-0.058898004235544615,0.03197631160400949,1_4792
0.45273278983818294,0.3758381417069591,0.03042972861807979,0.07689464813122382,0.03741050223960696,1_4850
0.3400501186218294,0.4563062768130716,0.013635997215204773,-0.11625615819124224,0.020006775798934284,1_4949
0.5043112151869265,0.7255227313597665,0.17048052390204294,-0.22121151617284007,0.014941416692193954,1_4967
0.33392047817491816,0.4589273129427444,0.011604332160124409,-0.12500683476782626,0.05154890147766644,1_4995
0.3919353756207166,0.4591093576804664,0.0555132712265735,-0.06717398205974978,0.011909301175022646,1_5058
0.41073365138002754,0.47828571254904756,0.0717076149164734,-0.06755206116902002,0.14917196732736038,1_5109
0.2748693380028894,0.4364939241953086,0.037099820423666864,-0.1616245861924192,0.057741590844651025,1_5134
0.23676561840132704,0.3904720510782372,0.03510941550585343,-0.15370643267691014,0.13548627044524975,1_5156
0.17501666150078243,0.4085198433547492,0.0431434521570406,-0.2335031818539668,0.09233361237275017,1_5166
0.25372033685822754,0.4726405018521528,0.013631746098907249,-0.21892016499392525,0.07507161826665798,1_5169
0.32132676230930507,0.44404599229529784,0.08514305271472049,-0.12271922998599277,0.05041259308295398,1_5211
0.47214647868512494,0.6272676713309682,0.019897766825392082,-0.15512119264584323,0.02221481943986159,1_5212
0.5873056204375977,0.6430519237380283,0.05791522174026054,-0.05574630330043062,0.0034000180735206387,1_5496
0.33604449948447357,0.6129666227863738,0.0515330745300451,-0.27692212330190025,0.01301734516327635,1_5571
0.32983107985454047,0.5064791759970647,0.09555672247185398,-0.17664809614252425,0.02258866589425501,1_5572
0.315504782739203,0.40540128867250386,0.06893590201583583,-0.08989650593330084,0.01331598118471844,1_5580
0.18544581405456237,0.3502271599094481,0.038697570166205744,-0.1647813458548857,0.07670484404607503,1_5581
0.4028846845287063,0.5905669246416293,0.01032699820177699,-0.187682240112923,0.05569846383066379,1_5617
0.2531648775680252,0.43863288022725044,0.10268653632005353,-0.18546800265922525,0.061995498492520174,1_5627
0.291431814282826,0.46581497915099446,0.017185979920317902,-0.17438316486816846,0.09351202601464048,1_5679
0.34761407512678044,0.4901230839588541,0.06921176004153093,-0.14250900883207368,0.013113349593530388,1_5699
0.5265258098073589,0.7157938551807363,0.053963952836256775,-0.1892680453733775,0.026507334178455633,1_5751
0.4496668136243978,0.5546144486129844,0.2238190071138942,-0.10494763498858656,0.015277329248777227,1_5758
0.3398067327812753,0.3929125980655718,0.053568902402793106,-0.053105865284296505,0.009947005118925212,1_5786
0.5080438208885752,0.47892590698947096,0.04534827146785299,0.029117913899104286,0.07976317557918533,1_5880
0.5460866056018707,0.5196572192831915,0.020926995077281824,0.026429386318679193,0.030408299822269558,1_5919
0.35634004203982694,0.4451715171058394,0.017109856384315753,-0.08883147506601247,0.04773001931925358,1_5953
0.5401670850181104,0.5314444472915751,0.09620800961553012,0.008722637726535254,0.020265882134877677,1_5964
0.25996716459469604,0.4179800122939026,0.10968928511173624,-0.15801284769920654,0.036156293969005104,1_6020
0.33175086111629465,0.5522556727534601,0.05971858776138929,-0.22050481163716545,0.015482970696634069,1_6032
0.32232489884794,0.5343965070750832,0.08132282062267297,-0.21207160822714322,0.04496606936540848,1_6039
0.2263161417635797,0.4413842277194387,0.10085936823003175,-0.215068085955859,0.05407874191525319,1_6065
0.4812394066514403,0.55917225173507,0.1474797243207289,-0.07793284508362969,0.011586536148988968,1_6092
0.43346800715263745,0.38502287826590237,0.0668157170864021,0.04844512888673508,0.00989290541006338,1_6113
0.16051887031490822,0.3336969446188501,0.058490482351198116,-0.17317807430394186,0.03161676464235552,1_6134
0.31858634885351017,0.34989596443343923,0.0798633127681968,-0.03130961557992906,0.05422940493681794,1_6165
0.37972291119066565,0.5678616416682805,0.08388313772646355,-0.1881387304776148,0.1552163746464147,1_6183
0.5351583181587111,0.43368600555891595,0.06821105234005087,0.10147231259979511,0.07631370490650857,1_6188
0.3379331710253262,0.529940840424218,0.039949130641800036,-0.19200766939889174,0.032448824905668916,1_6211
0.31728815575973507,0.4705460816618693,0.07130592841132019,-0.15325792590213422,0.07545345212128773,1_6221
0.30822694146261637,0.517166522002945,0.046812376935632755,-0.20893958054032863,0.03392944177985968,1_6355
0.34134704656015713,0.42972944251465933,0.039044374716019424,-0.0883823959545022,0.03500560045115708,1_6370
0.2947507611712797,0.5563675803403066,0.023664800236191937,-0.26161681916902696,0.10764474255772727,1_6426
0.28207730599341707,0.4674309325533939,0.06853804028742827,-0.18535362655997684,0.08317765948466793,1_6427
0.1835566833127417,0.35280560388274074,0.039317458467877965,-0.16924892056999905,0.11263697977205867,1_6428
0.2042987978546964,0.4671458711314253,0.06896477384072376,-0.2628470732767289,0.0986618589147461,1_6472
0.5351858552039302,0.48858295171696453,0.07336573488112837,0.04660290348696572,0.005224801870376883,1_6504
0.480795967195516,0.3425315149892778,0.03749367744281115,0.13826445220623818,0.0279237447930758,1_6534
0.49077375824301506,0.5527847862142429,0.06318199104554806,-0.06201102797122782,0.01582765270246067,1_6627
0.24508693334448542,0.5558329590134492,0.012507048428557342,-0.3107460256689638,0.042297278427844365,1_6645
0.21510174151236444,0.45168295226377814,0.028261953293766275,-0.2365812107514137,0.11442936677321658,1_6648
0.1603867828245803,0.3542730263732365,0.0861325610205657,-0.1938862435486562,0.04856986307790423,1_6683
0.35345311161539755,0.4044667133834952,0.06965979838753282,-0.05101360176809766,0.06449242296229563,1_6766
0.23104787993770778,0.429507379847334,0.06726720250153978,-0.19845949990962622,0.05358331610895428,1_6769
0.33158784196779706,0.4911192920515132,0.0044429863353170704,-0.15953145008371616,0.03797749151061858,1_6835
0.4004313282734923,0.45679766063600624,0.05031621455109991,-0.05636633236251393,0.1677151340495382,1_6860
0.5169497835968078,0.7039627453849925,0.01447911786466676,-0.18701296178818472,0.0427812500499003,1_7047
0.619932686270673,0.5226951810558569,0.12705616529548278,0.09723750521481611,0.008009855696145984,1_7082
0.7571301508035567,0.8114925298958439,0.13676296802344795,-0.05436237909228714,0.01779564484743179,1_7089
0.29035138640336317,0.44626685669290267,0.02342600407640757,-0.1559154702895395,0.055160308917267975,1_7186
0.6041813792173955,0.5752366631321997,0.0487990718358455,0.028944716085195776,0.024066263083052486,1_7281
0.21608323020015482,0.499679648362523,0.05598093131597154,-0.28359641816236814,0.05837650830322083,1_7341
0.5034447224897814,0.44349525107439003,0.07587848966130634,0.05994947141539142,0.057918011573977135,1_7357
0.3208464176338331,0.5267423687180603,0.07980236269371266,-0.20589595108422726,0.07283626604636306,1_7395
0.21871007052861657,0.3390944757821829,0.023401299699386292,-0.1203844052535663,0.0783285644420354,1_7400
0.7659447141289564,0.6430359233217927,0.10086836936533602,0.12290879080716366,0.04280407381805007,1_7402
0.1971317235643037,0.3662741341616629,0.027842212210167156,-0.16914241059735918,0.049050170134812165,1_7442
0.6256393249141263,0.5341955449788991,0.039494348037843456,0.09144377993522723,0.054785561311194386,1_7443
0.21699368082650158,0.4585960400126477,0.008395584372893445,-0.24160235918614612,0.14223750253382816,1_7445
0.5255585418718302,0.3997425975395357,0.054749719588471094,0.12581594433229443,0.018579299482848755,1_7449
0.4616051347731618,0.6846810082760469,0.06619159294873307,-0.22307587350288516,0.013720280607108504,1_7487
0.3078251486457343,0.48088660927924765,0.06077620405574486,-0.17306146063351335,0.014471010556185049,1_7490
0.40005785596369037,0.4595075723619738,0.04699388799534818,-0.05944971639828345,0.14239771173518345,1_7494
0.5441098276123715,0.4397078749686789,0.1208777148838065,0.10440195264369256,0.022486075379628767,1_7504
0.5369469351906245,0.41940823399570193,0.08564019235508447,0.1175387011949226,0.01682134357220255,1_7575
0.7669662763807872,0.6935711051467519,0.12433917901516044,0.07339517123403527,0.007737202333574111,1_7593
0.36538936476136713,0.5784910714547942,0.15311658880834256,-0.21310170669342704,0.013492270468704048,1_7641
0.2764344656896242,0.5246112262365347,0.0692328719083315,-0.24817676054691046,0.030191854744747393,1_7661
0.3757551650885169,0.5931035622723022,0.04519365411344879,-0.2173483971837853,0.03498921771157659,1_7675
0.1954200003905109,0.34820097015706397,0.05486843965101998,-0.15278096976655306,0.11082845049273482,1_7722
0.6109237398190296,0.6200698797702107,0.0466085892764303,-0.009146139951181076,0.01312021366771976,1_7894
0.4549817542462609,0.46588744476532545,0.07378795253269986,-0.010905690519064537,0.05709666412672332,1_7938
0.5453767914402782,0.5618919709496425,0.07207452216754985,-0.01651517950936432,0.024929074637433213,1_7953
0.2436352028716124,0.47188666653889305,0.13744700532402493,-0.22825146366728066,0.028649527320631196,1_8042
0.2876414851374241,0.42229421094109926,0.058466563248458066,-0.13465272580367516,0.020900508238659965,1_8045
0.37032801652326425,0.5921017615474243,0.26360399185663896,-0.22177374502416008,0.005710227665668199,1_8052
0.6020481547572992,0.4804991091904153,0.12978636928655274,0.12154904556688395,0.10587403073152546,1_8078
0.2364008195733172,0.3876140824316916,0.015343131656710581,-0.1512132628583744,0.023330158799716116,1_8136
0.4220325200798808,0.41081858938962706,0.11274111404751157,0.011213930690253726,0.02632869492773382,1_8159
0.7299089208851248,0.5975155281549749,0.03901328412855376,0.13239339273014994,0.012694123062267137,1_8185
0.28858197900846944,0.32842091962507436,0.07112947123924175,-0.03983894061660492,0.08289585644709929,1_8217
0.7132881803192701,0.48610426045471533,0.035436859607728306,0.22718391986455477,0.006219567207493393,1_8407
0.5518240333517628,0.5440039642454183,0.06698941595212674,0.007820069106344474,0.032481803679789145,1_8417
0.37667082587037753,0.6015501495839571,0.0577426740296576,-0.2248793237135796,0.07902042771010642,1_8452
0.5211768720708744,0.763677711916558,0.05269185221024816,-0.2425008398456836,0.025241103952494348,1_8505
0.41844435180432377,0.4498310959346318,0.09117955272977325,-0.03138674413030801,0.016885505410989543,1_8717
0.3156202892341008,0.5301634145305213,0.07451763960949073,-0.2145431252964205,0.06225984052342515,1_8746
0.2905170444172896,0.4002300694643715,0.05709575859663436,-0.10971302504708191,0.07180579131918674,1_8749
0.28833937957590083,0.5155713852288542,0.031158504676496744,-0.22723200565295332,0.040729475142255334,1_8827
0.3595422745624835,0.630587203513623,0.03600963380110683,-0.27104492895113946,0.04320818112417246,1_8837
0.2726241059367405,0.5215946202182392,0.019016383728316457,-0.2489705142814987,0.036947733280924266,1_9003
0.7284158633924643,0.6582125611664309,0.06639144101906011,0.07020330222603344,0.008595857277754249,1_9009
0.22446417257754672,0.45814755762848536,0.09414394729767536,-0.23368338505093864,0.07287978799746841,1_9087
0.46760574370914804,0.35428452067118593,0.1140389027723151,0.1133212230379621,0.011971714588816518,1_9245
0.5083182342342163,0.5615896472148131,0.09493539442648069,-0.05327141298059679,0.03906974134678243,1_9594
0.33590959836968604,0.4676205716031676,0.045404759147579514,-0.13171097323348158,0.013053785275533691,1_9668
0.22800923243257068,0.41780250533999314,0.09638598119815732,-0.18979327290742246,0.13613493892359496,1_9963
0.258767692734523,0.4538785525416861,0.019411415065238417,-0.19511085980716308,0.04323524779394183,1_9971
0.32472117953018287,0.5131769367621626,0.0952384676483724,-0.18845575723197971,0.01826097991323339,1_9972
0.6756186055907258,0.5626189854623357,0.14857975768779613,0.11299962012839015,0.031699246233293454,1_9993
0.439342825758769,0.5032254074199876,0.08227958377595047,-0.06388258166121857,0.14444416439062047,1_10004
0.2940392070088425,0.5604524416175174,0.0638075078132735,-0.2664132346086749,0.06372708435727237,1_10009
0.28479370566015605,0.5187175776495389,0.08656879081620747,-0.2339238719893828,0.014171598039579902,1_10190
0.3617320972600447,0.5406201690055018,0.05856329699271495,-0.17888807174545712,0.036012030751949586,1_10462
0.7501103827142003,0.7482236316371614,0.43917412138058254,0.0018867510770388396,0.004932675516357787,1_10495
0.20628973030199238,0.35045430955274276,0.05256521888274777,-0.14416457925075038,0.02920182795804216,1_10496
0.23483785039872643,0.32157908240331157,0.02267537005378837,-0.08674123200458514,0.051235587448808406,1_10748
0.41857694265392664,0.3768688706556544,0.18735443986922196,0.041708071998272256,0.016673693037070336,1_10797
0.5280910193667514,0.5782646102240594,0.07971217922092745,-0.05017359085730799,0.014518192110938521,1_10810
0.31041349342498353,0.44168558396721075,0.037322286850949786,-0.13127209054222722,0.10086628647370588,1_10829
0.39251556356973244,0.4760693047322369,0.11833618907571256,-0.08355374116250447,0.03116201687412834,1_10849
0.6271097674941405,0.3365758643981828,0.16603638922404143,0.29053390309595767,0.01856688050103883,1_10853
0.3196504779806153,0.4699089555860149,0.0715748093187485,-0.15025847760539962,0.010496833801931782,1_10857
0.4668844766129286,0.4644126766359218,0.1818845725800034,0.0024717999770068055,0.06721154720118139,1_10859
0.26469430418744866,0.5067454528976739,0.014994998794389007,-0.24205114871022526,0.08232588899780391,1_10890
0.3784066237039295,0.6459642762015673,0.043556036117851436,-0.26755765249763774,0.0693763765148151,1_10977
0.4400798761873371,0.6072198016146567,0.12358047712937108,-0.1671399254273196,0.055323556778048344,1_11006
0.40047144090446946,0.6030939899164902,0.06241965091792177,-0.20262254901202076,0.05380100899843843,1_11021
0.313485326640844,0.5081235212632663,0.017135670936774816,-0.19463819462242232,0.13178280970357015,1_11042
0.28027086842458154,0.43060720366188326,0.09186588375813598,-0.15033633523730172,0.07602323770746833,1_11046
0.4677154978317743,0.6858538076227113,0.029594977055712207,-0.218138309790937,0.02201693251599246,1_11051
0.33518395460440276,0.4913722338453423,0.05492926880132552,-0.15618827924093953,0.021249170554109464,1_11055
0.5773203634088593,0.4385865363779031,0.15217516821935992,0.13873382703095616,0.011927821845818976,1_11098
0.3140695940005244,0.5945290508435267,0.1250596642209285,-0.2804594568430023,0.030629094696726034,1_11120
0.46252453825519824,0.5730346329663559,0.08328286768865978,-0.11051009471115769,0.09236762664045428,1_11177
0.49357893026201843,0.5853215900484214,0.10657207397714415,-0.091742659786403,0.025950585442920393,1_11201
0.4111721079428864,0.5713962509377394,0.07841479938212288,-0.160224142994853,0.013517598505649264,1_11224
0.4948412391579461,0.40154217886907456,0.10340924344094272,0.09329906028887153,0.007903553489438275,1_11232
0.29622557217595624,0.39940637402586116,0.05370510179306517,-0.10318080184990491,0.030094422843889967,1_11236
0.2998919208599149,0.48551875580721615,0.048803829884100536,-0.18562683494730126,0.028270272866045,1_11242
0.2142056238799794,0.310519510796362,0.12918851508202953,-0.09631388691638257,0.030438926078701578,1_11243
0.2351201836199762,0.3616320239166635,0.04288082234122198,-0.1265118402966873,0.06352556634969875,1_11253
0.5046249679782799,0.5184157500857125,0.09499880258268283,-0.013790782107432564,0.07322840659538721,1_11257
0.20828268223334112,0.4530064203399325,0.02428431107338823,-0.24472373810659137,0.09834381610439846,1_11306
0.5856829265474472,0.37161246465835734,0.02135899784520168,0.2140704618890899,0.023538081596702898,1_11322
0.1945918910383797,0.3355980948799925,0.054968725032324285,-0.14100620384161278,0.09621023983547539,1_11378
0.5332701017231538,0.6460566038315604,0.17997782478060378,-0.11278650210840657,0.010683205078945823,1_11439
0.5448201238807048,0.48652967710386175,0.06408122565966501,0.05829044677684303,0.05866693267452383,1_11485
0.46127175296762535,0.49525170238525756,0.05268930148173265,-0.033979949417632216,0.005971728318735381,1_11526
0.2236824565077387,0.43713337731947827,0.09409535176276052,-0.21345092081173958,0.11480104980389916,1_11529
0.6117408276963532,0.5403871639753243,0.2186193750086687,0.07135366372102891,0.01583423396342143,1_11609
0.27752858634457717,0.3919699179717381,0.12425578459286953,-0.11444133162716091,0.028458992687815488,1_11697
0.34630225765218586,0.6256877823092598,0.024990872275989187,-0.27938552465707395,0.02914383605425719,1_11699
0.35980069959233846,0.49649714732818045,0.055153706725565826,-0.136696447735842,0.05887649357623137,1_11723
0.2362981375732579,0.3783740817448899,0.05470964726560456,-0.142075944171632,0.09188684930595925,1_11736
0.30332139329248353,0.5415264210477805,0.027824296469977184,-0.23820502775529695,0.09174300735193974,1_11773
0.22181960308118082,0.4762319037512808,0.032265021876515865,-0.2544123006701,0.014735432950136573,1_11885
0.42353974437624814,0.693839600444583,0.061608076472595315,-0.2702998560683349,0.02316417086957734,1_11889
0.24048143651321735,0.3938922157179629,0.03889960648235266,-0.15341077920474555,0.020120565217296327,1_11901
0.37709125793220605,0.44900555083500704,0.0318643652022186,-0.07191429290280099,0.11159567305396778,1_11913
0.36954328802729924,0.5153797756845543,0.11033728137363626,-0.14583648765725504,0.08658337071265931,1_11924
0.2425861041267407,0.5103160046475967,0.008574465681636197,-0.26772990052085605,0.08232795100754742,1_11928
0.3776033663107211,0.5016049888815618,0.14244352454020565,-0.12400162257084069,0.12421826729792618,1_12002
0.6425565331269902,0.8016070925577876,0.1740135354293447,-0.15905055943079738,0.0215595582635153,1_12083
0.4022504552164075,0.4376632417137714,0.05174972754102548,-0.0354127864973639,0.06080508142061258,1_12202
0.4242404013569998,0.5454938849641876,0.046472841608771555,-0.1212534836071878,0.06824398739981519,1_12275
0.5050722678037002,0.3431048278562751,0.10127147278009434,0.16196743994742507,0.004756520405773346,1_12320
0.5275195640184749,0.6795062144775644,0.1782756946988998,-0.15198665045908955,0.01413436389030076,1_12331
0.2834736301795227,0.4783096705900269,0.054617824453253805,-0.19483604041050417,0.10492066530570032,2_223
0.4895549750946843,0.4238039329547017,0.06662786436674886,0.06575104213998262,0.02200343080008449,2_370
0.3749008999163356,0.3818524799582779,0.0811279215962939,-0.006951580041942351,0.05139492023309011,2_556
0.3094597458120313,0.41416560838584904,0.05529712273981972,-0.10470586257381775,0.055787192359032955,2_484
0.21551140978949376,0.4174424917098844,0.1342569698334753,-0.20193108192039064,0.08020051123132343,2_498
0.4642837827071154,0.49186760318616896,0.18339698005778157,-0.027583820479053556,0.05446118561103164,2_494
0.50948741454812,0.54867061805806,0.10976516094403244,-0.03918320350993998,0.02494324421149019,2_477
0.19641348565421773,0.46305936655398416,0.1160595772201803,-0.26664588089976643,0.041393543746801376,2_35
0.4216829116942865,0.45077703356036314,0.10311345871781406,-0.029094121866076628,0.04728694933145161,2_279
0.2685412361774702,0.476780651010469,0.02205742103997528,-0.2082394148329988,0.05013099443840363,2_377
0.34613044193313586,0.48315556516226377,0.11437864304669576,-0.1370251232291279,0.03501779961902218,2_595
0.654085075219589,0.5545692898196511,0.14782263288309874,0.09951578539993788,0.051942196043400224,2_464
0.3816963001485331,0.49524661102561657,0.060788239692861706,-0.11355031087708345,0.021877521203977013,2_408
0.6068110046246324,0.5195473747550577,0.1662172203966739,0.0872636298695747,0.019447418052370713,2_574
0.5568971313223133,0.5065794694859228,0.09710753716913033,0.050317661836390526,0.03395945497126973,2_409
0.4059962351156689,0.738372575986669,0.14704759466326875,-0.33237634087100015,0.14969089938114521,2_549
0.3999082538937409,0.47301545466946243,0.01865618168021046,-0.07310720077572153,0.0038751888078467633,2_598
0.4873082833650645,0.7073981916533716,0.09308438042002123,-0.2200899082883071,0.01899552637408508,2_73
0.6066458836814494,0.635920446297602,0.10504675392890829,-0.029274562616152577,0.021479806171400884,2_374
0.31974448111085296,0.468866069438295,0.027936729726941792,-0.14912158832744205,0.06712656393371197,2_297
0.358609919112882,0.44068504657083063,0.03974575022800873,-0.08207512745794865,0.029046938940533562,2_286
0.2929780377917851,0.4077192114545946,0.09039376622057786,-0.1147411736628095,0.23035296113666692,2_509
0.21395557231867104,0.4247382132937447,0.11007454008251649,-0.21078264097507368,0.04149976469938632,2_508
0.3894523084627667,0.3531265621661139,0.07609019172565704,0.036325746296652806,0.006016103206965884,2_472
0.4886277787932379,0.5870358158475766,0.11086233695921907,-0.0984080370543387,0.21369712604079893,2_227
0.33976441143443153,0.39897978864121797,0.03144093624242567,-0.059215377206786435,0.05383672439156484,2_226
0.7289345355272837,0.5582797456483396,0.12417323607459452,0.1706547898789441,0.010688914710682784,2_478
0.4984372031000397,0.6530331604340854,0.056434371903714434,-0.15459595733404574,0.036893270625695584,2_372
0.37187988030725866,0.5210656929222484,0.11752367574935842,-0.1491858126149897,0.020440024496332643,2_241
0.34188790709539224,0.5437327184346198,0.05603409703408471,-0.20184481133922755,0.035569964737853677,2_109
0.31569835191067697,0.4649761894736226,0.1014781831187035,-0.14927783756294566,0.020446216099233694,2_389
0.46352626173164924,0.5270585168417673,0.06915481460314044,-0.06353225511011806,0.07673666124252843,2_449
0.5588902649650281,0.5472703499492592,0.05161636138074036,0.011619915015768978,0.02533509678454271,2_50
0.30846642003327196,0.5134790812217395,0.10008933145752924,-0.2050126611884675,0.10572140120307483,2_84
0.44838093472052454,0.6335426457907946,0.02640565670204215,-0.18516171107027002,0.023696133414256693,2_322
0.37480100777104963,0.4174108701557463,0.14695808433085922,-0.04260986238469666,0.03739585699292958,2_416
0.4814647104537711,0.5513178016855917,0.17312940754991152,-0.06985309123182065,0.02121603747242129,2_124
0.2646329735506274,0.5421452880621767,0.10485210124876211,-0.27751231451154923,0.07752830778285824,2_206
0.5981671621766204,0.4420228106732371,0.09646294847759551,0.15614435150338324,0.04566935087088442,2_204
0.2815307132596193,0.4964563198774727,0.05305695519559806,-0.21492560661785337,0.050048512490691754,2_380
0.36349300507396104,0.43579182076004946,0.02500696951906725,-0.07229881568608842,0.06913902350625678,2_622
0.250256391401754,0.4561117843884013,0.1300805980429953,-0.2058553929866473,0.013481929176252905,2_583
0.32621610181077726,0.5144662968653649,0.1509549210764392,-0.18825019505458768,0.08948883002671637,2_456
0.46713649634000265,0.6579516956106463,0.1325713658926073,-0.1908151992706436,0.011517731019668576,2_461
0.5479165349499844,0.6981761042506641,0.10753398993168135,-0.15025956930067974,0.03551840302532627,2_152
0.3599188432042831,0.45988882139274656,0.06792196829422353,-0.09996997818846348,0.04643735199260757,2_15
0.24353464369188849,0.39358989723786614,0.0871596432880547,-0.15005525354597765,0.05329046935881121,2_421
0.5157698942560451,0.57427834930592,0.03955628785958945,-0.0585084550498749,0.015468526613443445,2_586
0.4071267259180162,0.6114135344915933,0.06775207025334434,-0.20428680857357712,0.020687666295417073,2_160
0.5004951905087414,0.4678568113592302,0.09919836421709204,0.032638379149511176,0.1265559152088408,2_39
0.36074334412392534,0.6356930666575931,0.1445299389351145,-0.27494972253366773,0.015839028747325457,2_66
0.27204282396068974,0.5106855907810044,0.04348102938627006,-0.23864276682031466,0.08137274828634022,2_310
0.2998864707215989,0.3219710593648965,0.05821717134764898,-0.022084588643297598,0.02697515800796535,2_345
0.23205710628318785,0.40921301653155656,0.020205217161333243,-0.17715591024836871,0.02048517790741944,2_581
0.5831119096789614,0.3670640230766637,0.026869277817086673,0.21604788660229773,0.03158766338550334,2_518
0.2401861484603698,0.5643813862971617,0.1950571963487647,-0.32419523783679194,0.02243152288883754,2_450
0.19048291909970488,0.5025910472551725,0.03145947253670453,-0.31210812815546757,0.07139213259833666,2_567
0.32453480910744714,0.3618269921509118,0.075277993995768,-0.037292183043464655,0.06097402551612874,2_115
0.790010577992847,0.6258722130245822,0.07426377629823164,0.16413836496826484,0.06376712444832477,2_183
0.5832574644553435,0.49627561008110976,0.06287675250831894,0.08698185437423378,0.05288949101305451,2_104
0.2174868386971157,0.3275113571131666,0.09126560842725916,-0.1100245184160509,0.06793436100419414,2_288
0.5586116173257222,0.48552447939025695,0.1336856913177392,0.07308713793546523,0.040778848627875175,2_420
0.5070712949766024,0.37038809106819304,0.1971161721631308,0.13668320390840938,0.05334563574011986,2_49
0.4413801742385878,0.5669032075141441,0.09513997750574393,-0.12552303327555636,0.1106938295442561,2_433
0.19908921257433715,0.4440295868788181,0.01298845973420635,-0.24494037430448096,0.025123795200745036,2_428
0.38198200841820046,0.48504608833308377,0.05350235566773841,-0.10306407991488331,0.011948045575583821,2_1
0.25150999800794627,0.34498286486958646,0.09176610494430708,-0.09347286686164019,0.05122810345110551,2_168
0.5940381716966511,0.6504884140537815,0.174335001208518,-0.056450242357130476,0.007764542378109307,2_155
0.23898971917669107,0.46576860342008686,0.025564520637301837,-0.2267788842433958,0.0516148734747337,2_2
0.3436677936115975,0.38175258137313467,0.0853164759387033,-0.038084787761537175,0.01732666211229572,2_120
0.3897600845503568,0.4208559346904209,0.10232982942015434,-0.031095850140064052,0.058141655829184624,2_487
0.6279240142813975,0.3739085311527822,0.03818873653737736,0.2540154831286153,0.019573249141388582,2_280
0.31031755268351935,0.5361102052470332,0.10245319198942689,-0.22579265256351388,0.019389932374274443,2_447
0.4123946964140559,0.6191258298825092,0.07184464187270517,-0.2067311334684533,0.01650039033852424,2_148
0.49710551341503,0.4319086854489232,0.219053970379168,0.06519682796610682,0.004611121570291976,2_532
0.4292040401476654,0.44001878295085944,0.1748318428142411,-0.010814742803194055,0.015743021383843203,2_443
0.19148528966669326,0.4008175052170445,0.07059600003157389,-0.20933221555035125,0.08910351208228484,2_475
0.37155652578189147,0.5693549195875491,0.0689570013037685,-0.19779839380565767,0.06996045979315191,2_92
0.3504911099241417,0.5012272162044504,0.12207817083780585,-0.15073610628030876,0.003679293368226033,2_258
0.4171900769302084,0.5233207411289021,0.11769642961084802,-0.10613066419869377,0.018783147693220204,2_376
0.4934502472175857,0.6478835102791259,0.16006478861002973,-0.15443326306154026,0.023719978152832444,2_114
0.5105194980216349,0.5785788023622165,0.033563623887249684,-0.0680593043405816,0.030322714854356447,2_246
0.16686026066056442,0.3718033060087859,0.09487266602629447,-0.2049430453482215,0.027042597180111927,2_268
0.33654884681649744,0.6022499898231265,0.13205372770765292,-0.26570114300662906,0.02954653177496469,2_221
0.29680560705923276,0.43390838700277673,0.04897491914975658,-0.13710277994354397,0.06266999040101706,2_369
0.20878908369996063,0.31220459254434807,0.08545964487712465,-0.10341550884438744,0.0627235471349088,2_103
0.36339511053346657,0.44123365708731055,0.11149633728128144,-0.07783854655384398,0.041861547459020265,2_457
0.7073668613853522,0.46301994171418237,0.05830068846547492,0.24434691967116984,0.02423974882127422,2_112
0.2749975578714318,0.5184877297645694,0.10760710720629824,-0.24349017189313754,0.07577346476708557,2_174
0.2749602798280508,0.43469590914997036,0.08462578252912269,-0.15973562932191954,0.06887338662279119,2_490
0.2716290791229661,0.54330391878035,0.009355427260535738,-0.2716748396573839,0.06379554663198317,2_430
0.393938241926867,0.46069244682875254,0.09350430755256,-0.06675420490188555,0.0750748067013185,2_434
0.41882615203940077,0.4644079881467381,0.03222845522596217,-0.04558183610733735,0.11939672686859326,2_541
0.49259597363224555,0.4678587456240791,0.05435048386266225,0.024737228008166467,0.09953891076426724,2_392
0.31537611722105297,0.4603451409091886,0.010980454884987485,-0.14496902368813563,0.10893614203298074,2_187
0.24684849098995973,0.4831236627187065,0.12362877579593236,-0.23627517172874676,0.07169640170976876,2_113
0.4849119563028135,0.3746898351881954,0.17602649739606344,0.1102221211146181,0.047445309048489315,2_323
0.4445306034808182,0.4748648306398475,0.08404172038158525,-0.030334227159029337,0.02585160146273313,2_137
0.31332553551113235,0.6043242113571569,0.07746201850005477,-0.2909986758460245,0.14153091817873342,2_294
0.28427608230243256,0.42919735240462686,0.1322153524257093,-0.1449212701021943,0.12591094039007633,2_359
0.2828808542804125,0.3395371002325465,0.04960581488637264,-0.05665624595213403,0.12489311033488681,2_141
0.36936731696493774,0.44526609344809676,0.06634033184195796,-0.07589877648315901,0.06569041732019676,2_283
0.3506089875760436,0.5477714693715235,0.05836137867559811,-0.19716248179547996,0.055157251567943155,2_24
0.3760747500939225,0.41238983387958644,0.10000209927943199,-0.03631508378566395,0.09156844489315308,2_197
0.3511670537129691,0.4688591375541927,0.0648993566965222,-0.1176920838412236,0.07821808922149032,2_493
0.483402211267136,0.45929747432158896,0.04143107908838069,0.024104736945547045,0.09887174059867676,2_573
0.354445160833786,0.5574225594902925,0.11598299243067509,-0.2029773986565065,0.00936381584537227,2_440
0.22496961286087158,0.4275712005718248,0.0442747950204346,-0.2026015877109532,0.05339551723687197,2_105
0.5895115558717234,0.553406301622921,0.10339181951547691,0.0361052542488024,0.030038568903620666,2_3
0.5323439060760129,0.5155918695492444,0.21369234247611882,0.016752036526768488,0.03747778534415258,2_71
0.6136597136729488,0.5658851714679922,0.08360716761393892,0.04777454220495658,0.015385782195971642,2_20
0.4716936252406086,0.548923479240999,0.004494984212865262,-0.07722985400039045,0.11449434940922476,2_463
0.5931752315449458,0.6828478161215084,0.15720174108331983,-0.08967258457656258,0.055033984656667756,2_602
0.37075272840758167,0.3685945922438271,0.059944932903373126,0.0021581361637545426,0.09588399318799856,2_88
0.4779098702109913,0.41486711142235133,0.11165107503390766,0.06304275878863996,0.048879385059785285,2_172
0.821924973641142,0.5719125844638073,0.16835207433814112,0.2500123891773347,0.04436858924834919,2_86
0.2948345770761418,0.4684182889707321,0.03140385299903548,-0.17358371189459032,0.05626554297496866,2_154
0.17301288983101032,0.34220747363143894,0.1756867595971143,-0.16919458380042862,0.02800945902136598,2_557
0.36470398372830043,0.368064074768306,0.0822122691593488,-0.003360091040005564,0.11065505286606647,2_163
0.7800833533557096,0.5116269445971094,0.07390456131056929,0.2684564087586001,0.03049399766051064,2_87
0.5236738875360117,0.4899452189251757,0.031381675660691874,0.033728668610836066,0.04768983132249982,2_240
0.44573831037080464,0.5717967522837301,0.07058362161106393,-0.12605844191292542,0.03599202893598352,2_267
0.6004011651499124,0.5449116325655363,0.050532384740832874,0.055489532584376056,0.16317813013714466,2_278
0.6521789655918963,0.5328794530508937,0.13158559813420767,0.11929951254100257,0.011247243739593848,2_284
0.736293271762572,0.4825707489839984,0.01823849286113233,0.2537225227785736,0.04649439771429531,2_340
0.6356213410530097,0.552250665353735,0.09285659290839979,0.0833706756992747,0.10685797121616791,2_536
0.5834544737616371,0.5624035449744564,0.09027807253092243,0.021050928787180623,0.12175257212160373,2_588
0.7367691862710177,0.5332288753936015,0.1490831926962919,0.2035403108774162,0.05093060521324022,2_448
0.414246545614393,0.5497929631254331,0.02657014443734058,-0.13554641751104013,0.16005330721653566,2_79
0.443921791486637,0.6500287298185425,0.03905020452869132,-0.20610693833190552,0.05371985959499426,2_191
0.2529269091331478,0.4206197315736183,0.11971676033823037,-0.1676928224404705,0.03189257222291675,2_99
0.5264624540718674,0.3979609822726993,0.17712132213234003,0.1285014717991681,0.05169815073764894,2_208
0.4989177735694047,0.4785340137011143,0.06900761302018112,0.020383759868290385,0.05592512165234775,2_119
0.3241936342950115,0.397220115581556,0.05466094223194193,-0.07302648128654449,0.13291341766272868,2_406
0.360241879074888,0.4573675373676881,0.03892988579307541,-0.09712565829280007,0.0507479355340229,2_423
0.4188594052730026,0.45645820410062,0.03852208989489114,-0.03759879882761741,0.20114646856927942,2_55
0.6350818467629109,0.6720369643116121,0.07673461230340335,-0.03695511754870118,0.007421554090881632,2_77
0.271084190575322,0.31269282215009353,0.04306840847942472,-0.041608631574771515,0.014151831393796388,2_147
0.2629244120953899,0.34339225216923186,0.08924138245682614,-0.08046784007384195,0.14961157980934525,2_559
0.34712763661795143,0.3861575121908681,0.16431140607654332,-0.03902987557291665,0.02179964667915313,2_444
0.42015971924112366,0.5326002553096536,0.11972499118260985,-0.11244053606852994,0.017648085147215165,2_299
0.20106517476433627,0.381973755477515,0.10083682064267249,-0.18090858071317872,0.13688663094939424,2_313
0.43255137542808475,0.5687582060056853,0.021810630186793568,-0.13620683057760052,0.1919843763765714,2_125
0.30916521086596666,0.5312463146971698,0.1444466317355907,-0.2220811038312031,0.15848298497931812,2_552
0.7198776234564219,0.6863676632346417,0.20990998039777511,0.03350996022178021,0.0892919850180599,2_181
0.5592067335861663,0.7003409877229821,0.08870302016121988,-0.1411342541368158,0.05610610162107221,2_107
0.3136573883958957,0.4894321724015785,0.09340441460596906,-0.1757747840056828,0.027583217233193347,2_347
0.4857414813639955,0.4112649502772097,0.07453692023972078,0.07447653108678576,0.04179585801888286,2_495
0.5938340968818424,0.5895389408533833,0.12487372532404983,0.004295156028459091,0.14639164834264884,2_525
0.5418928688025284,0.619270955590085,0.14738956963099084,-0.07737808678755664,0.06062607038342971,2_186
0.4985214414152326,0.48004672123631753,0.05305766645039033,0.01847472017891505,0.01915661087802023,2_506
0.27536273697317065,0.5725316861158827,0.1125394760023524,-0.297168949142712,0.022458281623170984,2_486
0.5661010456956197,0.7005010814958953,0.15254625520640824,-0.1344000358002756,0.07593760374086755,2_149
0.3099708432376883,0.5061270190061282,0.031248684077267,-0.1961561757684399,0.022874867826833234,2_150
0.4375132353697601,0.2643018656239791,0.14548116052905133,0.173211369745781,0.03762945499525738,2_12
0.37525944153476914,0.49960098248062246,0.10029065892179054,-0.12434154094585331,0.12087465157390254,2_611
0.5979979726434359,0.4585899833079074,0.04508737138863498,0.1394079893355285,0.046314310303541495,2_429
0.4727274574445821,0.40690259592107036,0.07628024964731848,0.06582486152351175,0.029587928890937976,2_127
0.2735775865006394,0.3548501914859389,0.03329002055823041,-0.08127260498529948,0.019908286816701648,2_36
0.3516436702213925,0.36717192364468054,0.04070711772026474,-0.015528253423288063,0.061151951714894515,2_173
0.45592440540981694,0.356773377740442,0.07139065547460285,0.09915102766937495,0.04010864616630694,2_295
0.3523887835817899,0.429276777123417,0.007409348153973753,-0.07688799354162712,0.1458809677828481,2_356
0.3695996393558508,0.44927787336832214,0.06231590864298817,-0.07967823401247137,0.06808453877757903,2_38
0.3780892389968726,0.524618498002502,0.04203708783682773,-0.14652925900562946,0.09201622749186922,2_431
0.36215752459242556,0.5631840129429758,0.08482040886759688,-0.20102648835055026,0.03942731290025214,2_13
0.3798876733940319,0.37526692420889735,0.09370671859528121,0.004620749185134554,0.014569740351801586,2_482
0.7434118152974188,0.5127972216097978,0.1722126781136634,0.23061459368762105,0.023221112253380527,2_193
0.6845663563906755,0.5735723803343868,0.10061182714276919,0.11099397605628869,0.141967839417539,2_203
0.5174739144847733,0.7940502658546998,0.13330537553701186,-0.27657635136992653,0.03617496487910965,2_426
0.45803268495230387,0.4734058283273383,0.10638174919887224,-0.015373143375034426,0.029241126204136214,2_357
0.4105636019286557,0.5427014018318415,0.14133570391479078,-0.13213779990318575,0.1236020238871377,2_590
0.31840780644869315,0.5188612952428041,0.1266189693701194,-0.20045348879411096,0.027612904162279128,2_316
0.4774410543119943,0.5863084942826091,0.10246709289706214,-0.10886743997061482,0.052328755846428154,2_8
0.25269949355793087,0.4630568245619898,0.10317583117220239,-0.21035733100405896,0.02315585013020771,2_343
0.7356349577508806,0.6649220972564026,0.10478821340753021,0.070712860494478,0.05662179152267521,2_334
0.5962157700160168,0.538545467628466,0.07861074172453238,0.057670302387550776,0.1430344324397661,2_367
0.2744773567063108,0.3683350582680982,0.045455000979751935,-0.09385770156178741,0.06447938029328748,2_51
0.5764149193488336,0.3741617683038458,0.044544119471642864,0.2022531510449878,0.025333851540833896,2_282
0.4052517528422472,0.6809472315411074,0.11325989917611873,-0.2756954786988602,0.0478737057919707,2_225
0.6772957881606816,0.5390972759731826,0.09587328809325778,0.138198512187499,0.035053219944468195,2_514
0.324228635448892,0.3118653670986285,0.082494496805138,0.012363268350263523,0.09326402597343642,2_272
0.6484487962807793,0.4036501646423063,0.03642893464809558,0.24479863163847304,0.015462882396819366,2_43
0.22177309787975044,0.4457524042724111,0.03275494482834924,-0.22397930639266064,0.09512738693146383,2_575
0.3922556363982811,0.45157895924218505,0.14969309098895045,-0.05932332284390396,0.15542756799423785,2_339
0.5595074601746387,0.5106677704200139,0.20918779446737795,0.04883968975462483,0.030522858645087525,2_69
0.5749554417062893,0.5383167582241517,0.08633565539872233,0.03663868348213761,0.13373466424033753,2_217
0.25726873483658547,0.45677233230248265,0.0770758836660047,-0.1995035974658972,0.10373190170491664,2_213
0.6421876688217666,0.4988243002266634,0.06853458357275803,0.14336336859510318,0.016719623814217988,2_96
0.25343551456360575,0.48195496211022326,0.11154722834262361,-0.22851944754661752,0.044368308062992856,2_188
0.49337738612649845,0.764294980573457,0.07953432796679731,-0.27091759444695857,0.03566193395312012,2_29
0.40989919843883305,0.4197303627916721,0.1434589488584297,-0.009831164352839039,0.06882532181245227,2_177
0.4551466261167739,0.3846448993915111,0.14731475923590479,0.07050172672526284,0.041678458817482,2_358
0.5783429724249677,0.5620272961471171,0.12310449164960208,0.016315676277850577,0.041584246228219324,2_263
0.4034669621897364,0.44397749492358823,0.07972049157003017,-0.040510532733851856,0.10241354381828816,2_446
0.12106597866680417,0.34918908933735576,0.027515364914912906,-0.22812311067055158,0.061672001274860944,2_594
0.7075602183051246,0.6280518963779369,0.13081168728071998,0.07950832192718771,0.10999026044712967,2_535
0.5722199530282384,0.5495060480656625,0.009512287907947921,0.02271390496257586,0.058840235307194066,2_617
0.4274237285256276,0.6132122284077807,0.0882012712866231,-0.18578849988215307,0.0899359978780776,2_210
0.4394138440267902,0.49713914254250685,0.07129681692195264,-0.05772529851571667,0.050907913879507216,2_234
0.43125387262718806,0.5459510793736652,0.06838661274490537,-0.1146972067464771,0.06532976972483717,2_162
0.6013890292978774,0.5435138666837359,0.05149676855954788,0.057875162614141495,0.019473971330421058,2_437
0.27606996253924576,0.5175443981705493,0.0014043112029320788,-0.24147443563130355,0.026191221407017684,2_341
0.45343508802110516,0.5137806688755441,0.06100064857117005,-0.06034558085443892,0.15123603936210672,2_318
0.3821245767088833,0.4712893408319966,0.03373540294698297,-0.0891647641231133,0.04890480665638075,2_579
0.3966523630033868,0.5732197157118427,0.016789361654330346,-0.17656735270845592,0.15734443606009563,2_250
0.2602444661353896,0.46148307341018824,0.0365549467143937,-0.20123860727479864,0.08069070225898789,2_194
0.41438115684036464,0.39883579816302234,0.07604849227439159,0.015545358677342302,0.052583625969402026,2_78
0.33340061431782164,0.4753881100380751,0.03423238446366365,-0.14198749572025343,0.16462753118248574,2_337
0.37154832714622327,0.62970306113896,0.09984002938278262,-0.25815473399273675,0.014234548431384053,2_435
0.3967684522290484,0.5320932485461772,0.05879637317466198,-0.13532479631712885,0.17501648400993608,2_419
0.19179133934748183,0.5124793702571815,0.01669105901673631,-0.32068803090969966,0.11484570634786218,2_564
0.7453582105637984,0.6826918390464363,0.2528432023896013,0.0626663715173621,0.009417835975094158,2_261
0.5745597066974393,0.5286613334083969,0.08575807412040129,0.04589837328904234,0.15028894298574813,2_422
0.2180726173528644,0.42618651951050573,0.042771267074357286,-0.20811390215764133,0.07171129286974076,2_627
0.698134140113194,0.589425428949004,0.13813622955376822,0.10870871116419001,0.19881385624493475,2_445
0.3782545906773101,0.564641261089394,0.1842025099098441,-0.18638667041208395,0.07121949125389049,2_585
0.3395029279060348,0.5003666493942135,0.03413736736860322,-0.16086372148817868,0.12103940484909848,2_91
0.2831856186794056,0.6093812636068169,0.08913016716534575,-0.32619564492741127,0.026350801487659448,2_560
0.33042490356055254,0.37716769472950284,0.0873721665097895,-0.046742791168950304,0.03367147206301635,2_425
0.31238202719984304,0.42557036175533397,0.0854387140366883,-0.11318833455549093,0.06660384593984181,2_53
0.47016213924298134,0.41423224198424785,0.11204456372118961,0.055929897258733485,0.09041661807024559,2_481
0.6987821746454418,0.5890022264881418,0.11017123041259422,0.10977994815729997,0.046040365991346865,2_293
0.18555494148184545,0.3496595035876172,0.0029252780441974807,-0.16410456210577176,0.03858128358353452,2_248
0.526899082024981,0.5525934352199684,0.03853025266560539,-0.025694353194987363,0.01529602728735624,2_56
0.3339593735886782,0.532296885592359,0.10655516427371418,-0.19833751200368077,0.03549976983984282,2_260
0.41401621472397826,0.5115985258070012,0.08986716860958127,-0.0975823110830229,0.08648775185798163,2_134
0.4359345522454323,0.48823049016577763,0.05791413869337258,-0.052295937920345315,0.03531209125270274,2_488
0.4423346234842841,0.47281012705935366,0.1435112308066046,-0.030475503575069562,0.014312793602395124,2_542
0.31612227264948883,0.4257474108300247,0.08526253683354001,-0.10962513818053587,0.03803314312519168,2_504
0.6126904156601083,0.635386757441943,0.10086535627992435,-0.02269634178183466,0.006398754980650123,2_54
0.2965707821873617,0.31678853943579216,0.06000096083175059,-0.020217757248430446,0.0065582072922196755,2_300
0.2749912635365896,0.46478228377196457,0.028634887040826035,-0.18979102023537497,0.035596336565868136,2_387
0.2863335144820757,0.2871923324344179,0.05809783990022935,-0.0008588179523421613,0.07907007843237301,2_569
0.3180204996117588,0.3875050891367703,0.10279699792180697,-0.06948458952501146,0.08796826030420457,2_530
0.3124991857768113,0.4317914354240103,0.10964499392447091,-0.11929224964719898,0.019674806954521507,2_48
0.38207643596458635,0.5413303505662537,0.0801730059578121,-0.15925391460166732,0.12164006362928226,2_253
0.5982312270707942,0.49249696650038305,0.14122234407859457,0.10573426057041119,0.047979868696988226,2_555
0.5762202714605967,0.5567629803318063,0.11406726736357707,0.019457291128790466,0.02239483212014992,2_42
0.3003912208430193,0.5677802940371679,0.050132020701441925,-0.2673890731941486,0.08134415025461239,2_441
0.4417639924978911,0.4716057121983309,0.04671691811997162,-0.029841719700439806,0.2172884321401869,2_218
0.6496695423238957,0.7575677608122938,0.10193667122624667,-0.10789821848839809,0.0186517621184914,2_415
0.6229731681976678,0.7963202964308318,0.22643516430530428,-0.173347128233164,0.02744610346210108,2_473
0.35014730748813794,0.3151032500333954,0.060553027845970796,0.03504405745474254,0.020560406839815193,2_537
0.4549893027270968,0.5618504361622197,0.1161852191138678,-0.10686113343512293,0.13218998762848533,2_397
0.4836452091264695,0.5503314812837173,0.1258069270946431,-0.06668627215724782,0.06953314309070124,2_572
0.4082240090452455,0.5819759044819196,0.1334262026629582,-0.17375189543667413,0.0578224073776058,2_243
0.37524928764984655,0.7182783624007166,0.10398922166933983,-0.3430290747508701,0.01970359658086107,2_474
0.25886414582939365,0.4658934692154075,0.09753991626703291,-0.20702932338601382,0.035870714118893754,2_245
0.5092728915218295,0.42343585089371094,0.022163076233229863,0.08583704062811859,0.05628004040054668,2_176
0.5074281110714091,0.3106840121197985,0.22103898038581007,0.19674409895161055,0.10856872651963423,2_58
0.3409119014009876,0.4602962308304837,0.09452552511292212,-0.11938432942949612,0.03049055624830521,2_427
0.3581916024908983,0.3917940489601636,0.11585154279194965,-0.0336024464692653,0.05677401278585115,2_534
0.471874679613818,0.47571422133111285,0.08261196734733271,-0.0038395417172948365,0.023275394914551217,2_626
0.4924050102077951,0.41468984320789504,0.09160353927708899,0.07771516699990005,0.07926099463851521,2_607
0.5242065427570053,0.558504547561314,0.07027026183436189,-0.03429800480430867,0.02880272108943316,2_33
0.32416430731778917,0.5415590744192852,0.21578263386376637,-0.21739476710149602,0.017196843385249072,2_44
0.4719071229899783,0.6836967905085566,0.18159906432415293,-0.2117896675185783,0.011220509613432017,2_189
0.3817062494671865,0.4501892212850402,0.03426720452740811,-0.06848297181785368,0.02475534024248327,2_232
0.41699411396186886,0.5405384735459812,0.04996357794525434,-0.1235443595841123,0.10739285901092721,2_400
0.25276089477009656,0.34671344127547027,0.01388218319517504,-0.09395254650537371,0.04510817070020601,2_230
0.7844402594047593,0.6756248609503974,0.14968959137535,0.10881539845436183,0.03337636730361726,2_180
0.558261681735781,0.6685371663302797,0.23091855792796817,-0.11027548459449876,0.12363931242605442,2_270
0.6212529499605797,0.3234063076146076,0.08852882574869335,0.2978466423459721,0.05079147257886185,2_550
0.3927984529914215,0.4086953558990568,0.05775033137324969,-0.01589690290763529,0.08354572574835972,2_454
0.6255627545080019,0.5746757989178369,0.04251426668567116,0.050886955590164984,0.04498196888240047,2_151
0.4205773560953876,0.5029788324547182,0.017989457767938782,-0.0824014763593306,0.041659754123752335,2_439
0.4015389931609569,0.5462807500537544,0.04240964572617126,-0.1447417568927975,0.05072582334818976,2_385
0.3680602552206312,0.4383675406707784,0.07215846771474463,-0.0703072854501472,0.01734194308420578,2_547
0.5669505216130363,0.5454790639541507,0.13408680795534633,0.021471457658885584,0.09707594618173687,2_65
0.3047607097787049,0.5528286115176418,0.07981719109817619,-0.24806790173893695,0.014437478047956032,2_251
0.4544524849035576,0.5592947765281715,0.06567731116034486,-0.10484229162461389,0.15351412084761706,2_205
0.5416768567982712,0.5675024161356087,0.08602125167601657,-0.025825559337337545,0.05844581564226092,2_405
0.45003403658674046,0.6839220541494255,0.047187229649492915,-0.23388801756268507,0.0574017791546334,2_375
0.3484884101218419,0.42475655936340523,0.06278433571646422,-0.07626814924156333,0.1613548755947687,2_72
0.513614310133601,0.4811002272018918,0.2704651784600545,0.032514082931709265,0.013576694871105577,2_353
0.5702291202236468,0.6058593434626592,0.0875634606821872,-0.03563022323901244,0.1682254629848864,2_517
0.4523106936168396,0.47267989679261885,0.009679050841347904,-0.020369203175779227,0.26575347346123657,2_521
0.5359622894486853,0.49208806351308443,0.19553696530951248,0.043874225935600863,0.04394772243937484,2_499
0.2506435670815494,0.4699445256660415,0.12655996805845263,-0.2193009585844921,0.028275815165300866,2_317
0.5331785099385853,0.5709415915875389,0.06559333364126098,-0.03776308164895359,0.1162809897019228,2_393
0.3193870178452535,0.4520588080360886,0.02564092760147051,-0.13267179019083514,0.12325250018831257,2_254
0.3857991950065216,0.3686415366084799,0.016914520230493266,0.017157658398041675,0.09601282958349078,2_407
0.37052643924445705,0.363513450773317,0.07210454539129174,0.007012988471140069,0.1370833609023765,2_94
0.4822812540568547,0.6160838683145458,0.1489595719386742,-0.13380261425769108,0.12286622911062905,2_198
0.36341940258371047,0.6903468188173578,0.05700303697550486,-0.32692741623364735,0.1041724187753511,2_365
0.6604988530227763,0.592322009344641,0.1561202754030589,0.06817684367813537,0.01573723926877102,2_301
0.5829740422658428,0.6162459138939815,0.051021659872346165,-0.033271871628138716,0.09850730003978214,2_540
0.4914112893849125,0.6849644012444589,0.13925675531603865,-0.19355311185954638,0.029574514277741937,2_302
0.3095284331800579,0.40026570442778886,0.014648282642894467,-0.09073727124773096,0.12109069369380565,2_305
0.313723237900962,0.3861870374658653,0.0894990112858907,-0.07246379956490329,0.040394388409140225,2_27
0.44660316724383786,0.47106765089924835,0.059187933205495154,-0.024464483655410485,0.2869394405665353,2_196
0.4101089350024276,0.6154651473441534,0.0979154173079931,-0.20535621234172574,0.18316347287675516,2_264
0.43925534644605646,0.5846378047778665,0.01611538011538969,-0.14538245833181007,0.030733753015825815,2_615
0.6770995062382376,0.649024462160261,0.3261325108675184,0.028075044077976563,0.010120378910313033,2_111
0.4377055905702391,0.5209580131281183,0.11738077624395044,-0.08325242255787918,0.270535107865328,2_202
0.4549000196603665,0.503464880325763,0.045559387046308256,-0.0485648606653965,0.07111631384693795,2_577
0.3678293912068177,0.5498983299346243,0.07527374780432158,-0.1820689387278066,0.03668262470864159,2_467
0.49370064502837857,0.4368155819076245,0.0911098087263706,0.05688506312075409,0.02931911486725125,2_526
0.6763141717087726,0.39889720404038065,0.023115183396273005,0.27741696766839197,0.013427032248449988,2_257
0.5400115164469471,0.4905677583384826,0.025728282206826863,0.04944375810846452,0.007726570633927565,2_259
0.19733418911000986,0.34893509213888557,0.08381651674586363,-0.15160090302887572,0.07789214075016027,2_609
0.38760416364460476,0.6351096649016492,0.06545198741662554,-0.24750550125704446,0.03330953487609811,2_31
0.4460971300036879,0.5142483546559699,0.06253147578173383,-0.06815122465228196,0.08250206599068399,2_371
0.2523821935328517,0.41312000316107766,0.09435946769087918,-0.16073780962822598,0.04987294507847817,2_531
0.48184631589485455,0.47229229406587037,0.08090443177578009,0.009554021828984183,0.04895111267286811,2_315
0.35226220300365985,0.3544384945498756,0.05945658026081756,-0.002176291546215736,0.031908063212787274,2_413
0.7482097186093573,0.6414725864064845,0.1447803106262045,0.10673713220287273,0.01426391303358776,2_548
0.4953343420471594,0.38278034702888286,0.07513043836570836,0.11255399501827656,0.09834530749683768,2_128
0.42339713033696863,0.6788379849412627,0.06946995385926705,-0.25544085460429405,0.09586691162652461,2_326
0.8025734214100605,0.6704150174314698,0.1501276221017211,0.1321584039785907,0.06598107205031323,2_247
0.37069157424209925,0.5267788499894466,0.05098899213592379,-0.15608727574734732,0.0929259801737895,2_576
0.42088556906724983,0.5025467285674888,0.053633070212943286,-0.081661159500239,0.13363906471584952,2_146
0.4212555916383084,0.8039539605907726,0.029165638332818135,-0.38269836895246423,0.06006987685740128,2_458
0.6666795988921451,0.7340364386056849,0.17560169350134466,-0.06735683971353978,0.20792584598821573,2_522
0.44808838362463793,0.48039764741262203,0.06280604590720595,-0.0323092637879841,0.17506544926666612,2_30
0.46807585500026355,0.5290653520708548,0.1354379969473238,-0.06098949707059126,0.021531760675337797,2_171
0.254668573140132,0.4344086395793955,0.09456821022860916,-0.1797400664392635,0.09097771968465307,2_97
0.4922912544214786,0.5849400779907622,0.1837945149138019,-0.09264882356928361,0.008678371129102302,2_228
0.4813873264396232,0.5041039806583216,0.017344286903103794,-0.02271665421869845,0.23831527705663746,2_7
0.22504482761130307,0.34727795356227464,0.06225723208926368,-0.12223312595097158,0.14982221724779754,2_553
0.28474999177612936,0.5446309874354804,0.0742571841429425,-0.2598809956593511,0.06186545247361008,2_291
0.41033674869353554,0.49042769760684185,0.07382289601781816,-0.08009094891330631,0.268840549074987,2_319
0.551403335372716,0.4308196542302582,0.13041606736302694,0.12058368114245782,0.09126260216278637,2_314
0.5066579193633894,0.6041564049674041,0.009921992491955713,-0.09749848560401464,0.0790444028953875,2_410
0.35925584149381956,0.47788888176570904,0.18831815580059824,-0.11863304027188948,0.04800700317568973,2_166
0.5669778371078447,0.5697966098258379,0.05624096995167739,-0.0028187727179932454,0.07249229205646679,2_558
0.4051167060870024,0.4657929851046209,0.04782070187754814,-0.06067627901761852,0.054819002686561036,2_289
0.334209651099898,0.4485420725895702,0.14381730411222057,-0.11433242148967221,0.07960117063221306,2_118
0.7299149395999739,0.6380972869131863,0.07464682932352544,0.09181765268678754,0.021761538214693954,2_28
0.7447990962692549,0.4692738272148649,0.06771398298521633,0.27552526905439,0.05442250104140678,2_562
0.26960872897844723,0.44756629324750474,0.09604258784587086,-0.1779575642690575,0.03954898996677292,2_231
0.5720987164788277,0.5607985406724344,0.05325288234718385,0.011300175806393309,0.031247317967884602,2_388
0.5180927911593473,0.3825268623928736,0.0759388343909577,0.13556592876647366,0.010102763614213472,2_102
0.34021650550736043,0.5077072443665204,0.023851135061215677,-0.16749073885915994,0.06212517562344966,2_351
0.53841232790323,0.48344157002753263,0.06814757109691287,0.054970757875697385,0.005854487820583065,2_350
0.35867694215797274,0.348323689343509,0.12131415400650833,0.010353252814463754,0.03194240059286113,2_587
0.32060063660664945,0.3894946985539547,0.028349809573619864,-0.06889406194730524,0.03399457095799774,2_612
0.7929241807344802,0.7588524171825216,0.16439740538436642,0.03407176355195862,0.029110945111452513,2_89
0.6811328617069169,0.44393770641602837,0.10566207039635223,0.23719515529088853,0.04415255304727228,2_599
0.7768291701249663,0.5239017987670058,0.09372838489994381,0.2529273713579605,0.02655621906162553,2_182
0.2381177814063147,0.3557924065532299,0.1310271201202095,-0.11767462514691521,0.03147949072394196,2_292
0.3423620043339863,0.5156268196259164,0.07859359079978243,-0.1732648152919301,0.05219267850708753,2_489
0.4191283207550185,0.3946034012569716,0.06064730909695813,0.024524919498046915,0.05746482658448393,2_390
0.5983383060604803,0.4038951503322617,0.12211039057270531,0.19444315572821863,0.03297923527022695,2_378
0.6345270595567474,0.5659920409186829,0.05567929333270809,0.06853501863806444,0.0033814401501646163,2_9
0.49951049932959923,0.6781118807881379,0.06780576533132593,-0.17860138145853865,0.019551294471104153,2_144
0.2607176207164954,0.3298202857679341,0.06018749745407105,-0.0691026650514387,0.041322950001181136,2_479
0.19464330682584519,0.3979781780098567,0.033715795520429324,-0.2033348711840115,0.0938579938351779,2_45
0.26759476029060986,0.40898993800500477,0.0750048795654236,-0.14139517771439492,0.052069173907888566,2_507
0.5336967324180507,0.6245634514964074,0.03913550902109033,-0.09086671907835664,0.04047126057973616,2_398
0.4772768928484435,0.539435169011961,0.075392908008016,-0.06215827616351749,0.02538220091913712,2_281
0.22146206886413825,0.3967613722173701,0.08177390395856106,-0.17529930335323188,0.027648376000539487,2_591
0.30659779435434337,0.4009494575282295,0.037037214592328074,-0.09435166317388616,0.047099547447293055,2_462
0.2785022677191821,0.41048369473438834,0.058413314923999676,-0.13198142701520627,0.06808541599003848,2_505
0.5002244031772619,0.6801281325516446,0.13531362142347753,-0.1799037293743827,0.027592175552494158,2_74
0.7458970106565064,0.5530159527879389,0.09997717006566638,0.19288105786856746,0.005511027838319138,2_126
0.2448659403080438,0.4643149566269774,0.05407780364421443,-0.21944901631893363,0.03361781912621309,2_158
0.5202097585979797,0.6872222819971883,0.06497122905627532,-0.16701252339920858,0.05515365490122626,2_255
0.39148789476295304,0.3876274121942969,0.07246675000736336,0.0038604825686561206,0.05588283398380156,2_502
0.45033706732185647,0.33077251291150744,0.23988053969560785,0.11956455441034902,0.017946786408664095,2_11
0.37855862691063463,0.41338900535275847,0.02789487657752331,-0.03483037844212383,0.04439031397170379,2_135
0.2910531989787931,0.3474480093888342,0.0692482106959661,-0.056394810410041074,0.08026683432660109,2_442
0.34383826335863815,0.5320164186575269,0.03311745823336044,-0.18817815529888876,0.04567864435430724,2_342
0.16767483869047123,0.4470867232849,0.07339271008587667,-0.2794118845944288,0.04773981366263946,2_492
0.4913296955889174,0.6156918931378521,0.03509488272912839,-0.12436219754893468,0.029244843985398172,2_512
0.3146282141774603,0.3767900893726884,0.05057905959190025,-0.06216187519522809,0.0934733510628114,2_121
0.3132087009901772,0.3954350482757659,0.09844059093140456,-0.0822263472855887,0.06104349801508713,2_129
0.21482726467993238,0.3831581537268488,0.10705104950162382,-0.16833088904691643,0.07151475153496134,2_222
0.22824198825736214,0.5305387700832559,0.03527747214844566,-0.30229678182589376,0.13433686169375803,2_604
0.505242633950019,0.5076939764428244,0.10762476977964966,-0.0024513424928054306,0.01598834712149777,2_352
0.5566680218923503,0.6539548731787518,0.07890330404898982,-0.09728685128640147,0.018959858146112674,2_344
0.26278028896794503,0.4108748597135313,0.1988343424448107,-0.1480945707455863,0.023096056347288285,2_465
0.39759470668123764,0.5118476010415137,0.0067408646383865685,-0.11425289436027608,0.24928444293148055,2_471
0.2980272711049007,0.3117423612019389,0.018065026720709115,-0.013715090097038196,0.060759210057179214,2_361
0.26880459075428526,0.35746017564827903,0.07031841269533468,-0.08865558489399378,0.13023448694001272,2_190
0.3416851914777938,0.5369434485942876,0.05025876218574267,-0.19525825711649375,0.024995984745806887,2_271
0.22393955730424214,0.41244570989116636,0.051286341282128355,-0.1885061525869242,0.10573486695366441,2_306
0.6443705256886493,0.6900473694443704,0.07808487850914107,-0.04567684375572112,0.05796516607186042,2_209
0.4500522877756654,0.503860629209043,0.04682233339094719,-0.05380834143337754,0.04138704008540084,2_312
0.4053904935343749,0.6236080763487686,0.17873669811559104,-0.21821758281439368,0.02145161984544841,2_485
0.3095804140336467,0.4811612280983963,0.10911581051298556,-0.17158081406474956,0.0779996772065007,2_527
0.4593127172107538,0.6942742325518164,0.027975859028922974,-0.23496151534106263,0.048363743384971736,2_596
0.529912816356694,0.4659201986801363,0.02843781653828603,0.06399261767655767,0.027405906007396674,2_123
0.37335857525092736,0.5045861875348165,0.039856072124759626,-0.13122761228388918,0.037309366376874875,2_140
0.507122538732303,0.6495567651968145,0.0848980484194928,-0.14243422646451154,0.043147229740455595,2_338
0.3322329541745296,0.5285598410878046,0.09929369303168734,-0.19632688691327504,0.12014350874608393,2_381
0.33799928240190347,0.4875401658539335,0.07553069565631373,-0.14954088345203004,0.01651838678584927,2_511
0.5022302877335623,0.7677893901662541,0.13259485717856498,-0.2655591024326919,0.036878581745351635,2_287
0.5802723005330971,0.5647266935915403,0.05535699706400357,0.015545606941556822,0.08484962835806775,2_161
0.43442044153233095,0.5614826638605982,0.0017373723055070973,-0.12706222232826725,0.060754230584535995,2_589
0.313192328332313,0.5509023399411379,0.05573550925349268,-0.23771001160882493,0.007821704196316226,2_523
0.6425023220164358,0.5685251380223302,0.09044902727617282,0.07397718399410558,0.021453523131219843,2_491
0.558704989813901,0.5662564565993956,0.16503126344995414,-0.007551466785494565,0.01763325928157966,2_170
0.5871307156758312,0.6669561545249811,0.1370591781683651,-0.07982543884914994,0.016467447470263408,2_500
0.7224912686117645,0.5261995131254158,0.17610997983155555,0.1962917554863487,0.03577508795145867,2_303
0.2691515503427312,0.31671351971587697,0.05612216457858493,-0.047561969373145774,0.06162905607237734,2_570
0.2837526534739924,0.4713561664889762,0.08070822019889498,-0.1876035130149838,0.021648802806372047,2_178
0.5738020946885865,0.38977366637272043,0.02648934701757043,0.18402842831586602,0.019910083489554475,2_438
0.6947266878451994,0.4094508376375178,0.11846296251169722,0.28527585020768165,0.012655087337417825,2_167
0.4740305778002254,0.6247307009391824,0.12461337228818294,-0.15070012313895698,0.07769162365125415,2_373
0.2651965684144214,0.6129822276537993,0.18513131569916813,-0.3477856592393779,0.032229718747607605,2_623
0.35382980934001473,0.5317623067291388,0.07745289854164772,-0.1779324973891241,0.036267398602914946,2_131
0.10572439561995398,0.40556063922059943,0.05947717952346133,-0.2998362436006454,0.026348412356775985,2_236
0.3896579033015822,0.5558574869735758,0.006437151832312446,-0.16619958367199367,0.041466617935931316,2_546
0.6038728913751127,0.6623179977230844,0.051897658914295965,-0.05844510634797173,0.061576293116759495,2_242
0.12045908744490721,0.3180204687375362,0.06526068608772752,-0.19756138129262898,0.04847758530485913,2_169
0.2664771279217527,0.3949245327114701,0.15616918859091863,-0.1284474047897174,0.08954765126704967,2_235
0.49090348303317793,0.46525922865158637,0.05967852839772743,0.02564425438159157,0.03303031663753897,2_34
0.43664996178165394,0.5204146994268389,0.0636382020779729,-0.083764737645185,0.04461638925495304,2_608
0.4924648045976968,0.5680609280347818,0.14511033057884254,-0.075596123437085,0.030763700518779413,2_524
